0.01,0.9698965446016787,0.2715274474795535,0.9827029290726503,0.2715274474795599,0.9878656312071781,0.2715274474795599,0.9906546956397895,0.2715274474795599,0.9924013032024801,0.2715274474795599,0.9935979056013885,0.2715274474795599,0.994468926259044,0.2715274474795599,0.9951313362062855,0.2715274474795599,0.995652067465324,0.2715274474795599,0.9960721857055637,0.2715274474795599,0.9964184369034597,0.2715274474795599,0.9967084880852555,0.2715274474795599,0.9969547056972997,0.2715274474795599,0.9971669504183367,0.2715274474795599,0.9973515431200781,0.2715274474795599,0.9975135550085392,0.2715274474795599,0.9976568764655342,0.2715274474795599,0.997784587390257,0.2715274474795599,NaN,0.2715274474795599,NaN,0.2715274474795599
0.0198989898989899,0.8612623458479834,0.2743167426288032,0.9654846871626017,0.2743167426288032,0.9758058523309098,0.2743167426288032,0.9813754002908114,0.2743167426288032,0.9848605832500658,0.2743167426288032,0.987247038075701,0.2743167426288032,0.9889835846281331,0.2743167426288032,0.9903038895003238,0.2743167426288032,0.9913415919681462,0.2743167426288032,0.9921786535966668,0.2743167426288032,0.9928681355736645,0.2743167426288032,0.9934459048958011,0.2743167426288032,0.9939370770242549,0.2743167426288032,0.9943597636327676,0.2743167426288032,0.9947273548682665,0.2743167426288032,0.9950499637774683,0.2743167426288032,0.9953353710466694,0.2743167426288032,0.995589660733107,0.2743167426288032,0.9958177896176725,0.2743167426288032,0.9960233793540472,0.2743167426288032
0.0297979797979798,0.8042449396955939,0.2771581142182967,0.8779037768846171,0.2771581142182966,0.9636999918041452,0.2771581142182966,0.9720684419894852,0.2771581142182966,0.9773014616757898,0.2771581142182966,0.9808831083699443,0.2771581142182966,0.9834885163228394,0.2771581142182966,0.9854689426489538,0.2771581142182966,0.9870251803970576,0.2771581142182966,0.9882803301151156,0.2771581142182966,0.9893140619646033,0.2771581142182966,0.9901802161900812,0.2771581142182966,0.9909164861225624,0.2771581142182966,0.9915500491121986,0.2771581142182966,0.9921009946914807,0.2771581142182966,0.9925844937510198,0.2771581142182966,0.9930122170342466,0.2771581142182966,0.9933932895058559,0.2771581142182966,0.9937349486019226,0.2771581142182966,0.9940430082824319,0.2771581142182966
0.0396969696969697,0.75115724202759,0.2800526149406062,0.8437635293035413,0.2800526149406062,0.8847484463596033,0.2800526149406062,0.9627340894515951,0.2800526149406062,0.9697240821494123,0.2800526149406062,0.9745061500492614,0.2800526149406062,0.9779836875031694,0.2800526149406062,0.9806264124972823,0.2800526149406062,0.9827027081895316,0.2800526149406062,0.9843770523340842,0.2800526149406062,0.9857558630409,0.2800526149406062,0.9869110392954943,0.2800526149406062,0.9878929072274767,0.2800526149406062,0.988737746458147,0.2800526149406062,0.9894723710466808,0.2800526149406062,0.9901170274616475,0.2800526149406062,0.9906872893026311,0.2800526149406062,0.9911953318663272,0.2800526149406062,0.9916508111169147,0.2800526149406062,0.9920614832619054,0.2800526149406062
0.0495959595959596,0.7014385875704028,0.2830013129311237,0.8111702824868311,0.2830013129311237,0.8603613601036172,0.2830013129311237,0.8885739550354614,0.2830013129311237,0.9621286436596386,0.2830013129311237,0.9681162765074293,0.2830013129311237,0.9724691687176941,0.2830013129311237,0.9757763458496547,0.2830013129311237,0.9783742079567037,0.2830013129311237,0.980468843869654,0.2830013129311237,0.9821935564462594,0.2830013129311237,0.9836383877369681,0.2830013129311237,0.9848663509325123,0.2830013129311237,0.9859228641215632,0.2830013129311237,0.9868414907828059,0.2830013129311237,0.9876475705366602,0.2830013129311237,0.9883605925314297,0.2830013129311237,0.988995791747713,0.2830013129311237,0.9895652496909685,0.2830013129311237,0.9900786701588415,0.2830013129311237
0.0594949494949495,0.6548273148397759,0.2860052914853778,0.779901447767186,0.2860052914853778,0.8368090105229913,0.2860052914853778,0.8695089000652351,0.2860052914853778,0.8908384069495044,0.2860052914853778,0.9617136098523942,0.2860052914853778,0.9669450352619553,0.2860052914853778,0.9709187923118068,0.2860052914853778,0.9740397140676473,0.2860052914853778,0.9765557294959955,0.2860052914853778,0.9786271606179907,0.2860052914853778,0.9803622756012919,0.2860052914853778,0.9818368282400456,0.2860052914853778,0.9831054108579693,0.2860052914853778,0.9842083609803002,0.2860052914853778,0.9851761287824574,0.2860052914853778,0.9860321315409516,0.2860052914853778,0.9867946731952804,0.2860052914853778,0.9874782677518208,0.2860052914853778,0.9880945719029229,0.2860052914853778
0.06939393939393938,0.6111885065274976,0.2890656487358708,0.7498247810101112,0.2890656487358708,0.8139875759693052,0.2890656487358708,0.8510571175488941,0.2890656487358708,0.8753063418864542,0.2890656487358708,0.8927255003703526,0.2890656487358708,0.961411367354611,0.2890656487358708,0.9660538043825122,0.2890656487358708,0.9696992627007885,0.2890656487358708,0.9726377351759987,0.2890656487358708,0.9750566948061566,0.2890656487358708,0.9770827175495915,0.2890656487358708,0.978804350569715,0.2890656487358708,0.9802853957332729,0.2890656487358708,0.9815729889552479,0.2890656487358708,0.9827027081875434,0.2890656487358708,0.9837019112944448,0.2890656487358708,0.984591980368052,0.2890656487358708,0.9853898688188689,0.2890656487358708,0.9861091914985073,0.2890656487358708
0.07929292929292929,0.5704404933595603,0.2921834972866758,0.720856979641979,0.2921834972866758,0.7918246439328253,0.2921834972866758,0.8330739623695523,0.2921834972866758,0.8601333270894977,0.2921834972866758,0.8792206745469117,0.2921834972866758,0.8938216629695284,0.2921834972866758,0.9611814375476631,0.2921834972866758,0.9653528918965627,0.2921834972866758,0.9687148880925672,0.2921834972866758,0.9714821790931168,0.2921834972866758,0.9737997288300253,0.2921834972866758,0.9757689297669604,0.2921834972866758,0.9774628281296911,0.2921834972866758,0.9789353822635813,0.2921834972866758,0.980227314925566,0.2921834972866758,0.9813699369003454,0.2921834972866758,0.9823877175405048,0.2921834972866758,0.9833000565044593,0.2921834972866758,0.9841225320256225,0.2921834972866758
0.08919191919191918,0.5325177111295103,0.2953599638040789,0.6929437298942922,0.2953599638040789,0.7702697568314864,0.2953599638040789,0.8155159925752336,0.2953599638040789,0.8452882716131479,0.2953599638040789,0.8664237472360734,0.2953599638040789,0.8821858191345469,0.2953599638040789,0.8950548487617158,0.2953599638040789,0.9610006416113007,0.2953599638040789,0.9647872166805784,0.2953599638040789,0.9679036344134386,0.2953599638040789,0.9705133252907144,0.2953599638040789,0.9727305781117067,0.2953599638040789,0.9746377177517506,0.2953599638040789,0.976295548705337,0.2953599638040789,0.9777499553584184,0.2953599638040789,0.9790362136145699,0.2953599638040789,0.9801818891042886,0.2953599638040789,0.9812088345152038,0.2953599638040789,0.9821345966409929,0.2953599638040789
0.09909090909090908,0.4973506648022356,0.2985961885615936,0.6660486316772201,0.2985961885615936,0.749286766130963,0.2985961885615936,0.7983509468814693,0.2985961885615936,0.8307428655674596,0.2985961885615936,0.853780561212039,0.2985961885615936,0.8710414236162495,0.2985961885615936,0.8844862206475649,0.2985961885615936,0.8901689585673475,0.2985961885615936,0.9608547506595368,0.2985961885615936,0.9643210825742028,0.2985961885615936,0.967223523392905,0.2985961885615936,0.9696893083272,0.2985961885615936,0.971810074632395,0.2985961885615936,0.9736534963289829,0.2985961885615936,0.9752706360393649,0.2985961885615936,0.9767007468428271,0.2985961885615936,0.9779744995699671,0.2985961885615936,0.979116206653315,0.2985961885615936,0.9801453885790655,0.2985961885615936
0.108989898989899,0.4648556115044503,0.3018933249377532,0.6401464867716641,0.3018933249377532,0.7288492533313755,0.3018933249377532,0.7815544164590704,0.3018933249377532,0.816475352554106,0.3018933249377532,0.8413608675862534,0.3018933249377532,0.8600293026071683,0.3018933249377532,0.8745750187611205,0.3018933249377532,0.8807298328354551,0.3018933249377532,0.8773378296517022,0.3018933249377532,0.9607345462757099,0.3018933249377532,0.9639303402243614,0.3018933249377532,0.9666451335889787,0.3018933249377532,0.9689799091391771,0.3018933249377532,0.9710092334358038,0.3018933249377532,0.9727893637162204,0.3018933249377532,0.9743635421429643,0.3018933249377532,0.9757655535687796,0.3018933249377532,0.9770221768179406,0.3018933249377532,0.9781549111530472,0.3018933249377532
0.1188888888888889,0.4349304688335513,0.3052525388651689,0.6152189562706383,0.3052525388651689,0.7089376178710571,0.3052525388651689,0.7651076086302294,0.3052525388651689,0.8024686434460154,0.3052525388651689,0.829149337160573,0.3052525388651689,0.849190669947226,0.3052525388651689,0.8648208734280191,0.3052525388651689,0.8727477391289631,0.3052525388651689,0.8654769301205044,0.3052525388651689,0.8934163005203312,0.3052525388651689,0.9606337935130028,0.3052525388651689,0.963598067534001,0.3052525388651689,0.9661472319805551,0.3052525388651689,0.9683627685843573,0.3052525388651689,0.9703061453345743,0.3052525388651689,0.9720246052273431,0.3052525388651689,0.9735550558544256,0.3052525388651689,0.9749267490065316,0.3052525388651689,0.976163167755961,0.3052525388651689
0.1287878787878788,0.4074548671258492,0.308675008229451,0.5912516150269679,0.308675008229451,0.6895371275343892,0.308675008229451,0.7489958621511903,0.308675008229451,0.7887091189997616,0.308675008229451,0.817133585318098,0.308675008229451,0.8385143692106974,0.308675008229451,0.8552046959320959,0.308675008229451,0.8686119839272161,0.308675008229451,0.8588941267358907,0.308675008229451,0.8867158640082646,0.308675008229451,0.876355848537247,0.308675008229451,0.9605481242699163,0.308675008229451,0.9633120542122734,0.308675008229451,0.9657141105949799,0.308675008229451,0.9678209880410463,0.308675008229451,0.9696839419652452,0.308675008229451,0.9713430113048689,0.308675008229451,0.972829927316214,0.308675008229451,0.9741701618617038,0.308675008229451
0.1386868686868687,0.382292841849918,0.3121619222167074,0.5682318924431108,0.3121619222167074,0.6706365571131448,0.3121619222167074,0.7332076201665996,0.3121619222167074,0.7751857978428869,0.3121619222167074,0.8053034847134408,0.3121619222167074,0.8279911285156708,0.3121619222167074,0.8457189107163114,0.3121619222167074,0.8599697240582903,0.3121619222167074,0.8707163214882386,0.3121619222167074,0.8797353911402138,0.3121619222167074,0.8785866120591916,0.3121619222167074,0.8897630348326693,0.3121619222167074,0.9604743872438528,0.3121619222167074,0.963063268554375,0.3121619222167074,0.9653338991865986,0.3121619222167074,0.9673415583853087,0.3121619222167074,0.9691294249241652,0.3121619222167074,0.9707317159451797,0.3121619222167074,0.9721758970261274,0.3121619222167074
0.1485858585858586,0.3592969818790394,0.3157144806084963,0.5461476142978737,0.3157144806084963,0.6522272042522685,0.3157144806084963,0.717733695183688,0.3157144806084963,0.7618897411746859,0.3157144806084963,0.7936506751739406,0.3157144806084963,0.8176132369706093,0.3157144806084963,0.8363564531391071,0.3157144806084963,0.8514345011129133,0.3157144806084963,0.8638388336707954,0.3157144806084963,0.874233176265746,0.3157144806084963,0.872546811448585,0.3157144806084963,0.8845094119790154,0.3157144806084963,0.8637416070674099,0.3157144806084963,0.9604102518202492,0.3157144806084963,0.9628448863298867,0.3157144806084963,0.9649974606779959,0.3157144806084963,0.9669143018443085,0.3157144806084963,0.9686321191940944,0.3157144806084963,0.9701803768881175,0.3157144806084963
0.1584848484848485,0.3383131113181779,0.3193338930232524,0.524985976813177,0.3193338930232524,0.6343021575189109,0.3193338930232524,0.7025667275938281,0.3193338930232524,0.7488136171338217,0.3193338930232524,0.7821681943362865,0.3193338930232524,0.8073742069054122,0.3193338930232524,0.8271112919257029,0.3193338930232524,0.8430009086264871,0.3193338930232524,0.8560802116642006,0.3193338930232524,0.8670433540289951,0.3193338930232524,0.8703756993626657,0.3193338930232524,0.8785091901633311,0.3193338930232524,0.8724029043960719,0.3193338930232524,0.8938311614845568,0.3193338930232524,0.9603539572406523,0.3193338930232524,0.962651655198092,0.3193338930232524,0.9646976473271073,0.3193338930232524,0.9665311414675243,0.3193338930232524,0.9681836051706982,0.3193338930232524
0.1683838383838384,0.3191848376743848,0.3230213781034313,0.5047328468223361,0.3230213781034313,0.6168557396706639,0.3230213781034313,0.6877007767397501,0.3230213781034313,0.735951373694539,0.3230213781034313,0.7708502028384093,0.3230213781034313,0.7972685419554857,0.3230213781034313,0.8179783014938227,0.3230213781034313,0.8346641907872566,0.3230213781034313,0.8484069449123858,0.3230213781034313,0.8599311759987358,0.3230213781034313,0.8697410469765861,0.3230213781034313,0.8729572984771039,0.3230213781034313,0.878824142408868,0.3230213781034313,0.8883263361510187,0.3230213781034313,0.8953112276381242,0.3230213781034313,0.9343253430343423,0.3230213781034313,0.9624794667660683,0.3230213781034313,0.9644287872753676,0.3230213781034313,0.9661855856821375,0.3230213781034313
0.1782828282828283,0.301757540722643,0.3267781626477996,0.48537231647771,0.3267781626477996,0.5998830770096389,0.3267781626477996,0.6731310053679528,0.3267781626477996,0.7232979878806238,0.3267781626477996,0.7596917743445701,0.3267781626477996,0.7872915544348384,0.3267781626477996,0.8089530788857363,0.3267781626477996,0.8264202328027926,0.3267781626477996,0.8408151604145573,0.3267781626477996,0.8528918488917301,0.3267781626477996,0.8631754539895409,0.3267781626477996,0.8720435793507315,0.3267781626477996,0.8797788919591215,0.3267781626477996,0.8835887111762877,0.3267781626477996,0.8899206394655159,0.3267781626477996,0.8772499935572405,0.3267781626477996,0.9343575523458068,0.3267781626477996,0.9623250612343164,0.3267781626477996,0.9641863223170709,0.3267781626477996
0.1881818181818182,0.2858815839993534,0.3306054806885676,0.4668864603675735,0.3306054806885676,0.5833797625604024,0.3306054806885676,0.6588534315854485,0.3306054806885676,0.7108492699017404,0.3306054806885676,0.7486887320101809,0.3306054806885676,0.7774392243829974,0.3306054806885676,0.8000318187660194,0.3306054806885676,0.8182654593616809,0.3306054806885676,0.8333015210536159,0.3306054806885676,0.845922133119056,0.3306054806885676,0.8566729594332428,0.3306054806885676,0.865946487849743,0.3306054806885676,0.874029966426189,0.3306054806885676,0.8811522701103341,0.3306054806885676,0.8846888249347842,0.3306054806885676,0.8758870956756036,0.3306054806885676,0.8686265786330616,0.3306054806885676,0.9292007230191324,0.3306054806885676,0.9621858190576352,0.3306054806885676
0.1980808080808081,0.2714146898221048,0.3345045725133127,0.4492552540859524,0.3345045725133127,0.5673415912884089,0.3345045725133127,0.6448647307730396,0.3345045725133127,0.6986017076327601,0.3345045725133127,0.73783751923139,0.3345045725133127,0.7677080882986598,0.3345045725133127,0.7912112160576452,0.3345045725133127,0.8101967453660941,0.3345045725133127,0.8258630808996742,0.3345045725133127,0.8390192271926153,0.3345045725133127,0.8502305933053731,0.3345045725133127,0.8599041425268865,0.3345045725133127,0.8683404920727114,0.3345045725133127,0.8757505675092288,0.3345045725133127,0.8799256676352472,0.3345045725133127,0.8777242786553501,0.3345045725133127,0.8859117367131675,0.3345045725133127,0.8962861465737905,0.3345045725133127,0.9244129371185609,0.3345045725133127
0.207979797979798,0.2582235256029169,0.3384766836319491,0.4324566200454268,0.3384766836319491,0.551764352246056,0.3384766836319491,0.6311620752931555,0.3384766836319491,0.6865523413131001,0.3384766836319491,0.7271350959711772,0.3384766836319491,0.7580951500505099,0.3384766836319491,0.7824883873153347,0.3384766836319491,0.8022113483344424,0.3384766836319491,0.8184972446959273,0.3384766836319491,0.8321806925000139,0.3384766836319491,0.8438460726182559,0.3384766836319491,0.8539145724140327,0.3384766836319491,0.8626974623925338,0.3384766836319491,0.8704290452378397,0.3384766836319491,0.8751995943643853,0.3384766836319491,0.8735750231788522,0.3384766836319491,0.8818089809049262,0.3384766836319491,0.8910312889007934,0.3384766836319491,0.8503274810368463,0.3384766836319491
0.2178787878787879,0.2461846097277345,0.342523063689316,0.4164665708217489,0.342523063689316,0.5366436668557268,0.342523063689316,0.6177430033943118,0.342523063689316,0.674698661269087,0.342523063689316,0.7165788545055768,0.342523063689316,0.748597808713891,0.342523063689316,0.7738608072903074,0.342523063689316,0.7943068514715824,0.342523063689316,0.8112017151104889,0.342523063689316,0.8254043530496056,0.342523063689316,0.8375173458913167,0.342523063689316,0.8479756206694802,0.342523063689316,0.8571008849415931,0.342523063689316,0.8651361059054367,0.342523063689316,0.8722681876093733,0.342523063689316,0.8708553665326202,0.342523063689316,0.8784498055028289,0.342523063689316,0.8868155677458881,0.342523063689316,0.8866397885143702,0.342523063689316
0.2277777777777778,0.2351846700463305,0.3466449653243153,0.4012594238020293,0.3466449653243153,0.5219748653765354,0.3466449653243153,0.604605311127447,0.3466449653243153,0.6630385234645604,0.3466449653243153,0.7061665501652057,0.3466449653243153,0.7392137994300528,0.3466449653243153,0.7653262570628178,0.3466449653243153,0.7864811171374617,0.3466449653243153,0.8039744509302444,0.3466449653243153,0.8186882653617323,0.3466449653243153,0.8312425680455755,0.3466449653243153,0.8420855385801107,0.3466449653243153,0.8515490775191913,0.3466449653243153,0.8598841849204135,0.3466449653243153,0.8672841117603778,0.3466449653243153,0.8738989883806841,0.3466449653243153,0.8752345566407059,0.3466449653243153,0.8830698749515881,0.3466449653243153,0.8830179924867795,0.3466449653243153
0.2376767676767677,0.2251205886551425,0.3508436429769077,0.3868080640336031,0.3508436429769077,0.5077528954814509,0.3508436429769077,0.5917469627504538,0.3508436429769077,0.6515700790659447,0.3508436429769077,0.6958962437831602,0.3508436429769077,0.7299411444179729,0.3508436429769077,0.7568827811805821,0.3508436429769077,0.778732248606273,0.3508436429769077,0.7968136318016391,0.3508436429769077,0.8120306923881933,0.3508436429769077,0.8250200842467807,0.3508436429769077,0.8362427511944212,0.3508436429769077,0.8460404485891561,0.3508436429769077,0.8546718797452553,0.3508436429769077,0.8623363164011365,0.3508436429769077,0.8691902846281462,0.3508436429769077,0.8753589319654608,0.3508436429769077,0.8792752573443107,0.3508436429769077,0.8794187614054236,0.3508436429769077
0.2475757575757576,0.2158990532694549,0.3551203516446855,0.373084235243211,0.3551203516446855,0.4939722581265888,0.3551203516446855,0.5791660162601018,0.3551203516446855,0.6402917151838374,0.3551203516446855,0.68576625341508,0.3551203516446855,0.7207781120163013,0.3551203516446855,0.7485286518767503,0.3551203516446855,0.7710585582277125,0.3551203516446855,0.7897176295206665,0.3551203516446855,0.8054300738472822,0.3551203516446855,0.8188484061287212,0.3551203516446855,0.830445835982403,0.3551203516446855,0.8405736578034215,0.3551203516446855,0.8494980463804408,0.3551203516446855,0.8574243577603229,0.3551203516446855,0.8645135606194044,0.3551203516446855,0.8708805470886244,0.3551203516446855,0.8752491129609825,0.3551203516446855,0.8757082473204837,0.3551203516446855
0.2574747474747475,0.2074360156584658,0.3594763455911876,0.3600588421055286,0.3594763455911876,0.4806269667395047,0.3594763455911876,0.5668605615140015,0.3594763455911876,0.6292020046515201,0.3594763455911876,0.6757751134824218,0.3594763455911876,0.7117231821346425,0.3594763455911876,0.7402623389715304,0.3594763455911876,0.7634585406259738,0.3594763455911876,0.7826849838350242,0.3594763455911876,0.7988850046700302,0.3594763455911876,0.8127261865130155,0.3594763455911876,0.8246935066957941,0.3594763455911876,0.8351474710450758,0.3594763455911876,0.84436152071578,0.3594763455911876,0.8525467663633894,0.3594763455911876,0.8598687909774337,0.3594763455911876,0.8664593347132468,0.3594763455911876,0.87242367446828,0.3594763455911876,0.8778501902192296,0.3594763455911876
0.2673737373737374,0.1996560363780313,0.3639128770085742,0.3477022499547389,0.3639128770085742,0.4677105263309305,0.3639128770085742,0.554828668994962,0.3639128770085742,0.6182996632086292,0.3639128770085742,0.6659215399253415,0.3639128770085742,0.7027750168773561,0.3639128770085742,0.7320824843337866,0.3639128770085742,0.7559308500283534,0.3639128770085742,0.7757143820039354,0.3639128770085742,0.7923942162821155,0.3639128770085742,0.8066522063522001,0.3639128770085742,0.8189845948658783,0.3639128770085742,0.8297607708144071,0.3639128770085742,0.8392612110927882,0.3639128770085742,0.847702649981148,0.3639128770085742,0.8552552030010223,0.3639128770085742,0.8620542764347989,0.3639128770085742,0.8682087453169529,0.3639128770085742,0.8738080385927927,0.3639128770085742
0.2772727272727273,0.1924915752853312,0.3684311946377885,0.3359845711639201,0.3684311946377885,0.4552159295400375,0.3684311946377885,0.543068347695445,0.3684311946377885,0.6075835128318865,0.3684311946377885,0.6562044002745144,0.3684311946377885,0.6939324353797153,0.3684311946377885,0.7239878800683029,0.3684311946377885,0.7484742809246532,0.3684311946377885,0.7688046413942956,0.3684311946377885,0.7859565608122353,0.3684311946377885,0.8006253585088933,0.3684311946377885,0.8133180363979845,0.3684311946377885,0.8244125356816256,0.3684311946377885,0.8341961487963879,0.3684311946377885,0.8428910777050552,0.3684311946377885,0.8506718427298467,0.3684311946377885,0.857677445684405,0.3684311946377885,0.8640198026014432,0.3684311946377885,0.8697906826264696,0.3684311946377885
0.2871717171717172,0.1858822704394113,0.3730325423498423,0.324875930261538,0.3730325423498423,0.4431356669219487,0.3730325423498423,0.5315775109087443,0.3730325423498423,0.5970524502321382,0.3730325423498423,0.6466226877879834,0.3730325423498423,0.6851943921051485,0.3730325423498423,0.7159774497477145,0.3730325423498423,0.7410877514529283,0.3730325423498423,0.7619546945039063,0.3730325423498423,0.7795709974511869,0.3730325423498423,0.7946446355534014,0.3730325423498423,0.807692860298953,0.3730325423498423,0.819101831576724,0.3730325423498423,0.8291654326455449,0.3730325423498423,0.8381111727536479,0.3730325423498423,0.84611787977126,0.3730325423498423,0.8533280460087098,0.3730325423498423,0.8598565701247812,0.3730325423498423,0.8657970136670765,0.3730325423498423
0.297070707070707,0.1797742343877994,0.3777181576924136,0.3143467024216298,0.3777181576924136,0.4314617490215147,0.3777181576924136,0.5203539489388167,0.3777181576924136,0.5867054197457141,0.3777181576924136,0.6371754989819511,0.3777181576924136,0.676559958011441,0.3777181576924136,0.7080502321637385,0.3777181576924136,0.733770289051118,0.3777181576924136,0.7551635760829286,0.3777181576924136,0.773236580681378,0.3777181576924136,0.7887091190056467,0.3777181576924136,0.8021081789103144,0.3777181576924136,0.8138278038232513,0.3777181576924136,0.8241682407612213,0.3777181576924136,0.833362149244798,0.3777181576924136,0.8415925484590465,0.3777181576924136,0.849005355310024,0.3777181576924136,0.8557183251209005,0.3777181576924136,0.8618276078252715,0.3777181576924136
0.3069696969696969,0.1741193863642635,0.3824892704065056,0.3043677221897728,0.3824892704065056,0.4201857379784049,0.3824892704065056,0.5093953079056963,0.3824892704065056,0.5765413900057682,0.3824892704065056,0.6278620140213451,0.3824892704065056,0.6680283041144315,0.3824892704065056,0.7002053671793687,0.3824892704065056,0.726521017981801,0.3824892704065056,0.7484304119299479,0.3824892704065056,0.766952450117903,0.3824892704065056,0.7828179698974447,0.3824892704065056,0.796563178997691,0.3824892704065056,0.8085896665191403,0.3824892704065056,0.8192038149315113,0.3824892704065056,0.8286432762368128,0.3824892704065056,0.8370951455253431,0.3824892704065056,0.8447087008119055,0.3824892704065056,0.8516044626713368,0.3824892704065056,0.8578808319250046,0.3824892704065056
0.3168686868686869,0.1688748311630826,0.3873471009185172,0.2949104611567923,0.3873471009185172,0.4092987865937068,0.3873471009185172,0.4986990739448828,0.3873471009185172,0.5665593338993625,0.3873471009185172,0.6186814795431371,0.3873471009185172,0.6595986870692662,0.3873471009185172,0.692442083342111,0.3873471009185172,0.7193391484367969,0.3873471009185172,0.7417544091341879,0.3873471009185172,0.7607178216462651,0.3873471009185172,0.7769704207112604,0.3873471009185172,0.7910571141518418,0.3873471009185172,0.803386696942388,0.3873471009185172,0.8142714576335695,0.3873471009185172,0.8239538807483694,0.3873471009185172,0.8326250274800829,0.3873471009185172,0.8404374370594322,0.3873471009185172,0.8475143514290031,0.3873471009185172,0.8539564229256795,0.3873471009185172
0.3267676767676768,0.1640022899113636,0.3922928588136729,0.2859471747613594,0.3922928588136729,0.3987916829685491,0.3922928588136729,0.4882625621890231,0.3922928588136729,0.5567582114082038,0.3922928588136729,0.6096331935675336,0.3922928588136729,0.6512704364644939,0.3922928588136729,0.6847596869831822,0.3922928588136729,0.7122239669658279,0.3922928588136729,0.7351348475094799,0.3922928588136729,0.7545319796417678,0.3922928588136729,0.7711657682047955,0.3922928588136729,0.7855892984325357,0.3922928588136729,0.7982182291115288,0.3922928588136729,0.8093705240037157,0.3922928588136729,0.8192933398991133,0.3922928588136729,0.8281815885156426,0.3922928588136729,0.8361909950281488,0.3922928588136729,0.8434474473875402,0.3922928588136729,0.8500538076307967,0.3922928588136729
0.3366666666666667,0.1594675841463916,0.3973277412973891,0.277451019509813,0.3973277412973891,0.3886548990061498,0.3973277412973891,0.4780829099875034,0.3973277412973891,0.5471369550016683,0.3973277412973891,0.6007164922168653,0.3973277412973891,0.6430429435793744,0.3973277412973891,0.6771575525816825,0.3973277412973891,0.7051748280302851,0.3973277412973891,0.7285710720510303,0.3973277412973891,0.7483942701311747,0.3973277412973891,0.7654033671601245,0.3973277412973891,0.7801591004165577,0.3973277412973891,0.7930836484597317,0.3973277412973891,0.8045004178896847,0.3973277412973891,0.8146610764384982,0.3973277412973891,0.8237642713411927,0.3973277412973891,0.8319688289157817,0.3973277412973891,0.8394032249537317,0.3973277412973891,0.8461724894341296,0.3973277412973891
0.3465656565656566,0.1552401720931507,0.4024529316517966,0.2693961426821576,0.4024529316517966,0.3788786412520385,0.4024529316517966,0.4681570738708971,0.4024529316517966,0.5376944573054367,0.4024529316517966,0.5919307380127904,0.4024529316517966,0.6349156514007899,0.4024529316517966,0.669635114208463,0.4024529316517966,0.6981911465184181,0.4024529316517966,0.7220624862605893,0.4024529316517966,0.7423040947599284,0.4024529316517966,0.7596826248563141,0.4024529316517966,0.7747659381205093,0.4024529316517966,0.7879823869567527,0.4024529316517966,0.7996605870757468,0.4024529316517966,0.8100565549683363,0.4024529316517966,0.819372558030204,0.4024529316517966,0.8277704398740953,0.4024529316517966,0.8353812002167851,0.4024529316517966,0.8423119918121803,0.4024529316517966
0.3564646464646465,0.1512927344774757,0.4076695976952858,0.2617577470927405,0.4076695976952858,0.3694529027322478,0.4076695976952858,0.4584818298073425,0.4076695976952858,0.5284295608113999,0.4076695976952858,0.5832753095625881,0.4076695976952858,0.6268880457320479,0.4076695976952858,0.6621918579005635,0.4076695976952858,0.6912723910825002,0.4076695976952858,0.7156085462137531,0.4076695976952858,0.7362609054203942,0.4076695976952858,0.7540029961576862,0.4076695976952858,0.7694092745140988,0.4076695976952858,0.7829139190215467,0.4076695976952858,0.7948505194369534,0.4076695976952858,0.8054792778111179,0.4076695976952858,0.8150059656863143,0.4076695976952858,0.823595359926643,0.4076695976952858,0.8313809207361471,0.4076695976952858,0.8384718710017628,0.4076695976952858
0.3663636363636363,0.1476008063271676,0.4129788902535967,0.2545121337422392,0.4129788902535967,0.3603675146338333,0.4129788902535967,0.4490537763305366,0.4129788902535967,0.5193410494273091,0.4129788902535967,0.5747495924772821,0.4129788902535967,0.618959647254443,0.4129788902535967,0.654827314839782,0.4129788902535967,0.6844180781857107,0.4129788902535967,0.709208755268649,0.4129788902535967,0.7302641994786335,0.4129788902535967,0.7483639791519682,0.4129788902535967,0.7640886134520446,0.4129788902535967,0.7778777577098566,0.4129788902535967,0.7900697394384016,0.4129788902535967,0.8009287821132275,0.4129788902535967,0.8106640447023925,0.4129788902535967,0.8194431523390568,0.4129788902535967,0.8274019628562332,0.4129788902535967,0.8346517245383713,0.4129788902535967
0.3762626262626262,0.1441424507973421,0.4183819416516514,0.2476367252834353,0.4183819416516514,0.3516121968531764,0.4183819416516514,0.4398693401467584,0.4183819416516514,0.5104276416902658,0.4183819416516514,0.5663529713898269,0.4183819416516514,0.6111300044259022,0.4183819416516514,0.6475410552314168,0.4183819416516514,0.6776277667636985,0.4183819416516514,0.7028626593265769,0.4183819416516514,0.7243135155011923,0.4183819416516514,0.7427651112481102,0.4183819416516514,0.7588034960914367,0.4183819416516514,0.7728734514027732,0.4183819416516514,0.7853178049696022,0.4183819416516514,0.7964046366865627,0.4183819416516514,0.8063463756426211,0.4183819416516514,0.8153134097797878,0.4183819416516514,0.8234439324061902,0.4183819416516514,0.8308511684290909,0.4183819416516514
0.3861616161616162,0.1408979709522629,0.423879864235976,0.2411100731723314,0.423879864235976,0.3431766066120026,0.423879864235976,0.4309247838530926,0.423879864235976,0.501687985488094,0.423879864235976,0.5580848229619756,0.423879864235976,0.6033986871197714,0.423879864235976,0.6403326827958246,0.423879864235976,0.670901053421519,0.423879864235976,0.6965698425742753,0.423879864235976,0.718408429421233,0.423879864235976,0.7372059656803465,0.423879864235976,0.753553497675717,0.423879864235976,0.7679005808148535,0.423879864235976,0.7805943045536373,0.423879864235976,0.7919064393889091,0.423879864235976,0.8020525665245977,0.423879864235976,0.8112057512928503,0.423879864235976,0.8195064582813979,0.423879864235976,0.8270698420599916,0.423879864235976
0.3960606060606061,0.1378496555319276,0.4294737489382475,0.2349118512283968,0.4294737489382475,0.3350503845059118,0.4294737489382475,0.42221621542218,0.4294737489382475,0.4931206541483515,0.4294737489382475,0.5499445097849159,0.4294737489382475,0.5957652809220407,0.4294737489382475,0.6332018297989304,0.4294737489382475,0.6642375680985528,0.4294737489382475,0.6903299236451217,0.4294737489382475,0.7125485510857333,0.4294737489382475,0.7316861483655571,0.4294737489382475,0.7483382246383723,0.4294737489382475,0.7629587563093814,0.4294737489382475,0.7758988549050364,0.4294737489382475,0.787433814853126,0.4294737489382475,0.7977822509194664,0.4294737489382475,0.8071198196119072,0.4294737489382475,0.8155891931575848,0.4294737489382475,0.8233074080349998,0.4294737489382475
0.405959595959596,0.1349815549485585,0.4351646638911425,0.2290228381165917,0.4351646638911425,0.3272231975029632,0.4351646638911425,0.4137395991312617,0.4351646638911425,0.4847241437671389,0.4351646638911425,0.5419313750918406,0.4351646638911425,0.5882293820180319,0.4351646638911425,0.6261481525595762,0.4351646638911425,0.657636970144896,0.4351646638911425,0.6841425521477277,0.4351646638911425,0.7067335211392042,0.4351646638911425,0.7262052950655984,0.4351646638911425,0.7431573119971924,0.4351646638911425,0.7580476154802099,0.4351646638911425,0.7712310986097806,0.4351646638911425,0.7829864123242468,0.4351646638911425,0.7935350858145185,0.4351646638911425,0.8030552802217137,0.4351646638911425,0.8116918113382768,0.4351646638911425,0.8195635490971737,0.4351646638911425
0.4158585858585859,0.1322792840412087,0.4409536531083439,0.2234248910162078,0.4409536531083439,0.3196847785485619,0.4409536531083439,0.4054907676355758,0.4409536531083439,0.4764968716598599,0.4409536531083439,0.534044738211375,0.4409536531083439,0.5807905926095962,0.4409536531083439,0.619171327380904,0.4409536531083439,0.6510989447610054,0.4409536531083439,0.6780074055174637,0.4409536531083439,0.7009630081979691,0.4409536531083439,0.7207630688212254,0.4409536531083439,0.7380104209947371,0.4409536531083439,0.7531668209709664,0.4409536531083439,0.7665907021189354,0.4409536531083439,0.7785639037653714,0.4409536531083439,0.7893107497928724,0.4409536531083439,0.7990118189820229,0.4409536531083439,0.807814006433921,0.4409536531083439,0.8158379670530796,0.4409536531083439
0.4257575757575757,0.1297298484290809,0.4468417352412073,0.2181009124782541,0.4468417352412073,0.3124249625562543,0.4468417352412073,0.397465434908636,0.4468417352412073,0.4684371758242032,0.4468417352412073,0.5262838906992749,0.4468417352412073,0.5734485168124723,0.4468417352412073,0.6122710468605456,0.4468417352412073,0.6446231997593834,0.4468417352412073,0.671924186153647,0.4468417352412073,0.695236706285737,0.4468417352412073,0.7153591576230645,0.4468417352412073,0.7328972369625992,0.4468417352412073,0.7483160584935613,0.4468417352412073,0.761977353897561,0.4468417352412073,0.7741659821105019,0.4468417352412073,0.7851089414497626,0.4468417352412073,0.7949891409390691,0.4468417352412073,0.8039554902782988,0.4468417352412073,0.8121303807822143,0.4468417352412073
0.4356565656565656,0.1273214916218114,0.4528299024252414,0.2130348122094264,0.4528299024252414,0.3054337186714783,0.4528299024252414,0.3896592097946334,0.4528299024252414,0.460543315312374,0.4528299024252414,0.5186480930928297,0.4528299024252414,0.5662027569903507,0.4528299024252414,0.6054470165412668,0.4528299024252414,0.6382094626131409,0.4528299024252414,0.6658926188095037,0.4528299024252414,0.6895543324960781,0.4528299024252414,0.7099932722922208,0.4528299024252414,0.7278174673790101,0.4528299024252414,0.7434950350321,0.4528299024252414,0.757390762752001,0.4528299024252414,0.7697923597160422,0.4528299024252414,0.7809293779054606,0.4528299024252414,0.7909869688019008,0.4528299024252414,0.8001159917299951,0.4528299024252414,0.8084405254980574,0.4528299024252414
0.4455555555555555,0.1250435603528335,0.4589191192301979,0.2082114652673393,0.4589191192301979,0.2987011787867285,0.4589191192301979,0.3820676099411645,0.4589191192301979,0.4528134714154611,0.4589191192301979,0.5111365722380173,0.4589191192301979,0.5590529104879477,0.4589191192301979,0.5986989518686372,0.4589191192301979,0.631857477761131,0.4589191192301979,0.6599124482073617,0.4589191192301979,0.6839156248589405,0.4589191192301979,0.7046651445477852,0.4589191192301979,0.7227708400971717,0.4589191192301979,0.7387034772099015,0.4589191192301979,0.7528306563053124,0.4589191192301979,0.7654427669219587,0.4589191192301979,0.7767717934710459,0.4589191192301979,0.7870050417199769,0.4589191192301979,0.7962952553171256,0.4589191192301979,0.8047681515282716,0.4589191192301979
0.4554545454545454,0.1228863858911615,0.4651103217282209,0.2036166679156921,0.4651103217282209,0.2922176623624846,0.4651103217282209,0.3746860759035276,0.4651103217282209,0.445245749567962,0.4651103217282209,0.5037485191440555,0.4651103217282209,0.551998566730172,0.4651103217282209,0.5920265754272249,0.4651103217282209,0.6255670041435076,0.4651103217282209,0.6539834368547389,0.4651103217282209,0.6783203403875202,0.4651103217282209,0.699374525239017,0.4651103217282209,0.7177571017294525,0.4651103217282209,0.7339411297920079,0.4651103217282209,0.74829677961009,0.4651103217282209,0.7611169507590728,0.4651103217282209,0.7726359384081832,0.4651103217282209,0.7830431140604018,0.4651103217282209,0.7924930401738568,0.4651103217282209,0.8011130230547968,0.4651103217282209
0.4653535353535354,0.1208411793528795,0.4714044166951266,0.1992370921734638,0.4714044166951266,0.2859736976694384,0.4714044166951266,0.367509985234779,0.4714044166951266,0.4378381818852178,0.4714044166951266,0.4964830873237315,0.4714044166951266,0.545039304658379,0.4714044166951266,0.5854296144303908,0.4714044166951266,0.619337812945145,0.4714044166951266,0.6481053630408969,0.4714044166951266,0.6727682532868464,0.4714044166951266,0.6941211827255164,0.4714044166951266,0.7127760161654957,0.4714044166951266,0.7292077543205252,0.4714044166951266,0.7437888938749634,0.4714044166951266,0.7568146737521968,0.4714044166951266,0.7685215778181331,0.4714044166951266,0.7791009544303107,0.4714044166951266,0.7887091190036837,0.4714044166951266,0.797474917405767,0.4714044166951266
0.4752525252525253,0.1188999392744443,0.4778022809605673,0.1950602399009905,0.4778022809605673,0.2799600396151811,0.4778022809605673,0.3605346663983397,0.4778022809605673,0.4305887302509762,0.4778022809605673,0.4893393915810179,0.4778022809605673,0.5381746904780433,0.4778022809605673,0.5789077984420218,0.4778022809605673,0.6131696855272585,0.4778022809605673,0.6422780189953645,0.4778022809605673,0.667259153307064,0.4778022809605673,0.688904901389169,0.4778022809605673,0.7078273632140027,0.4778022809605673,0.7245031278621471,0.4778022809605673,0.7393067753017333,0.4778022809605673,0.75253571283674,0.4778022809605673,0.7644284906198692,0.4778022809605673,0.7751783446565622,0.4778022809605673,0.7849432772166445,0.4778022809605673,0.7938536239575201,0.4778022809605673
0.4851515151515151,0.1170553699255303,0.4843047609234605,0.1910743970981933,0.4843047609234605,0.2741676843539578,0.4843047609234605,0.3537554123619926,0.4843047609234605,0.4234952898766129,0.4843047609234605,0.4823165072099876,0.4843047609234605,0.5314042756948564,0.4843047609234605,0.5724608573112399,0.4843047609234605,0.6070624115301301,0.4843047609234605,0.6365012091929027,0.4843047609234605,0.661792844226909,0.4843047609234605,0.6837254802646545,0.4843047609234605,0.7029109373520901,0.4843047609234605,0.7198270418563447,0.4843047609234605,0.7348502140179989,0.4843047609234605,0.7482798583598369,0.4843047609234605,0.7603564686118682,0.4843047609234605,0.7712750789229761,0.4843047609234605,0.7811953120619062,0.4843047609234605,0.7902489435250308,0.4843047609234605
0.495050505050505,0.1153008090305868,0.4909126722497909,0.1872685889455351,0.4909126722497909,0.2685878809027381,0.4909126722497909,0.3471674937533388,0.4909126722497909,0.4165556932578184,0.4909126722497909,0.4754134695712486,0.4909126722497909,0.5247275954185419,0.4909126722497909,0.5660885193033836,0.4909126722497909,0.6010157871319963,0.4909126722497909,0.6307747487911082,0.4909126722497909,0.6563691424545036,0.4909126722497909,0.6785827317761938,0.4909126722497909,0.6980265465742267,0.4909126722497909,0.7151793010550154,0.4909126722497909,0.7304190130908416,0.4909126722497909,0.7440469131579479,0.4909126722497909,0.7563053156021496,0.4909126722497909,0.7673909629474471,0.4909126722497909,0.7774650318616607,0.4909126722497909,0.7866606875269466,0.4909126722497909
0.5049494949494949,0.1136301637371786,0.497626799770598,0.1836325359950054,0.497626799770598,0.2632121400022451,0.497626799770598,0.3407661714770053,0.497626799770598,0.4097677144588165,0.497626799770598,0.4686292740139155,0.497626799770598,0.5181441669156036,0.497626799770598,0.5597905094125022,0.497626799770598,0.5950296134509343,0.497626799770598,0.6250984621885457,0.497626799770598,0.6509878757344459,0.497626799770598,0.6734764805706569,0.497626799770598,0.6931740113284102,0.497626799770598,0.7105597225445314,0.497626799770598,0.726012987621462,0.497626799770598,0.7398366917134569,0.497626799770598,0.7522748466216117,0.497626799770598,0.7635258132320091,0.497626799770598,0.7737522552989877,0.497626799770598,0.7830886773501587,0.497626799770598
0.5148484848484849,0.1120378538174839,0.5044478975987617,0.1801566118147129,0.5044478975987617,0.258032240469116,0.5044478975987617,0.3345467087129396,0.5044478975987617,0.4031290736584861,0.5044478975987617,0.4619628761127538,0.5044478975987617,0.5116534883937506,0.5044478975987617,0.5535665478422309,0.5044478975987617,0.5891036950782653,0.5044478975987617,0.6194721816927986,0.5044478975987617,0.6456488819510958,0.5044478975987617,0.6684065624372894,0.5044478975987617,0.6883531635326049,0.5044478975987617,0.705968134842352,0.5044478975987617,0.7216319639077823,0.5044478975987617,0.7356490193726444,0.5044478975987617,0.7482648871864529,0.5044478975987617,0.7596794563804946,0.5044478975987617,0.7700568107671856,0.5044478975987617,0.7795327437010003,0.5044478975987617
0.5247474747474747,0.1105187612190747,0.5113766894840608,0.1768318023044193,0.5113766894840608,0.2530402332864639,0.5113766894840608,0.3285043822328205,0.5113766894840608,0.396637441897104,0.5113766894840608,0.4554131921915421,0.5113766894840608,0.5052550380021222,0.5113766894840608,0.5474163486432976,0.5113766894840608,0.5832378387332093,0.5113766894840608,0.613895746289149,0.5113766894840608,0.6403520080196687,0.5113766894840608,0.6633728233064262,0.5113766894840608,0.6835638456632696,0.5113766894840608,0.7014043770591138,0.5113766894840608,0.7172757786686452,0.5113766894840608,0.7314837316211369,0.5113766894840608,0.7442752726219892,0.5113766894840608,0.7558517284487912,0.5113766894840608,0.7663785357624399,0.5113766894840608,0.7759927260452054,0.5113766894840608
0.5346464646464646,0.1090681851943289,0.5184138694269583,0.1736496668284863,0.5184138694269583,0.2482284436760105,0.5184138694269583,0.3226344929878829,0.5184138694269583,0.3902904459668018,0.5184138694269583,0.4489791001049885,0.5184138694269583,0.4989482730325164,0.5184138694269583,0.5413396184970823,0.5184138694269583,0.5774318520297614,0.5184138694269583,0.6083690005015601,0.5184138694269583,0.6350971088572073,0.5184138694269583,0.6583751183197962,0.5184138694269583,0.6788059099092933,0.5184138694269583,0.6968682981228265,0.5184138694269583,0.7129442783260684,0.5184138694269583,0.7273406734174872,0.5184138694269583,0.7403058474335006,0.5184138694269583,0.752042474360148,0.5184138694269583,0.7627172763188097,0.5184138694269583,0.7724684720816548,0.5184138694269583
0.5445454545454546,0.1076818023364245,0.5255601025726714,0.1706023012551896,0.5255601025726714,0.2435894713868289,0.5255601025726714,0.3169323759362079,0.5255601025726714,0.3840856733932602,0.5255601025726714,0.4426594402527269,0.5255601025726714,0.4927326293077909,0.5255601025726714,0.5353360556356808,0.5255601025726714,0.5716855423477545,0.5255601025726714,0.602891793338746,0.5255601025726714,0.6298840464268319,0.5255601025726714,0.653413310966013,0.5255601025726714,0.6740792173856093,0.5255601025726714,0.6923597560570243,0.5255601025726714,0.7086373183379434,0.5255601025726714,0.7232196985699917,0.5255601025726714,0.736356464727425,0.5255601025726714,0.7482515473541788,0.5255601025726714,0.7590728865046568,0.5255601025726714,0.768959837238129,0.5255601025726714
0.5544444444444444,0.1063556309356349,0.5328160264083928,0.1676823029452654,0.5328160264083928,0.2391161894245893,0.5328160264083928,0.3113934090907488,0.5328160264083928,0.3780206774605505,0.5328160264083928,0.4364530168000914,0.5328160264083928,0.4866075207443866,0.5328160264083928,0.5294053488897212,0.5328160264083928,0.5659987158008727,0.5328160264083928,0.5974639773187054,0.5328160264083928,0.6247126888491384,0.5328160264083928,0.6484872722759349,0.5328160264083928,0.6693836374010287,0.5328160264083928,0.6878786173099039,0.5328160264083928,0.7043547625778445,0.5328160264083928,0.7191206691606794,0.5328160264083928,0.7324269856677642,0.5328160264083928,0.7444788084805385,0.5328160264083928,0.7554452279285686,0.5328160264083928,0.7654666842263388,0.5328160264083928
0.5643434343434344,0.1050859991441694,0.5401822522880462,0.1648827376961625,0.5401822522880462,0.2348017414319015,0.5401822522880462,0.3060130217810343,0.5401822522880462,0.3720929822354659,0.5401822522880462,0.4303585990814186,0.5401822522880462,0.4805723390766429,0.5401822522880462,0.5235471768559669,0.5401822522880462,0.5603711762951685,0.5401822522880462,0.5920854075660602,0.5401822522880462,0.6195829095754797,0.5401822522880462,0.6435968800725326,0.5401822522880462,0.6647190467755235,0.5401822522880462,0.6834247561285798,0.5401822522880462,0.700096482757689,0.5401822522880462,0.7150434550072445,0.5401822522880462,0.7285172789755504,0.5401822522880462,0.7407241261252501,0.5401822522880462,0.7518341692969656,0.5401822522880462,0.7619888826103967,0.5401822522880462
0.5742424242424242,0.103869516502541,0.5476593673107729,0.1621971086202138,0.5476593673107729,0.2306395379156471,0.5476593673107729,0.3007867021316695,0.5476593673107729,0.3663000875519891,0.5476593673107729,0.4243749231627833,0.5476593673107729,0.4746264537311386,0.5476593673107729,0.5177612071773176,0.5476593673107729,0.5548027246722602,0.5476593673107729,0.5867559409769217,0.5476593673107729,0.6144945866182571,0.5476593673107729,0.6387420182710611,0.5476593673107729,0.6600853292032509,0.5476593673107729,0.6789980539754107,0.5476593673107729,0.6958623578884986,0.5476593673107729,0.7109879331627775,0.5476593673107729,0.7246272204587351,0.5476593673107729,0.7369873755683856,0.5476593673107729,0.7482395859996002,0.5476593673107729,0.7585263084152526,0.5476593673107729
0.5841414141414141,0.1027030484366611,0.5552479365815579,0.1596193269134403,0.5552479365815579,0.2266232515017064,0.5552479365815579,0.2957100037694453,0.5552479365815579,0.3606394739208242,0.5552479365815579,0.4185006935420851,0.5552479365815579,0.4687692118398515,0.5552479365815579,0.5120470959283567,0.5552479365815579,0.5492931579319009,0.5552479365815579,0.5814754354467153,0.5552479365815579,0.6094476018340051,0.5552479365815579,0.6339225762254415,0.5552479365815579,0.6554823746568549,0.5552479365815579,0.6745983989823826,0.5552479365815579,0.6916522737774735,0.5552479365815579,0.7069539874482258,0.5552479365815579,0.7207566925764086,0.5552479365815579,0.7332684385764052,0.5552479365815579,0.7446613597185983,0.5552479365815579,0.7550788437565853,0.5552479365815579
0.594040404040404,0.1015836933836933,0.5629485058849742,0.1571436844557768,0.5629485058849742,0.2227468113817062,0.5629485058849742,0.2907785517782161,0.5629485058849742,0.3551086073330646,0.5629485058849742,0.4127345849655528,0.5629485058849742,0.4629999383813857,0.5629485058849742,0.5064044871000604,0.5629485058849742,0.5438422685291466,0.5629485058849742,0.5762437491567747,0.5629485058849742,0.6044418402554954,0.5629485058849742,0.6291384481172391,0.5629485058849742,0.6509100788302981,0.5629485058849742,0.670225685440781,0.5629485058849742,0.6874661225571433,0.5629485058849742,0.7029415080152972,0.5629485058849742,0.7169055840308096,0.5629485058849742,0.7295672030156996,0.5629485058849742,0.7410993780689672,0.5629485058849742,0.7516463765040371,0.5629485058849742
0.6039393939393939,0.1005087622471185,0.570761604806298,0.1547648281721178,0.570761604806298,0.2190043971007385,0.570761604806298,0.2859880479267173,0.570761604806298,0.3497049439310645,0.570761604806298,0.4070752443407778,0.570761604806298,0.4573179364399306,0.570761604806298,0.5008330121776612,0.570761604806298,0.5384498437417087,0.570761604806298,0.5710607399159389,0.570761604806298,0.5994771894693095,0.570761604806298,0.6243895323841718,0.570761604806298,0.646368342616949,0.570761604806298,0.6658798133229709,0.570761604806298,0.6833038022447345,0.570761604806298,0.6989503909374265,0.570761604806298,0.7130737893839456,0.570761604806298,0.7258835624968175,0.570761604806298,0.7375535342593551,0.570761604806298,0.7482287999516105,0.570761604806298
0.6138383838383838,0.09947575991834154,0.5786877503380455,0.152477736075881,0.5786877503380455,0.2153904318197389,0.5786877503380455,0.2813342751993338,0.5786877503380455,0.3444259345234357,0.5786877503380455,0.4015212927275293,0.5786877503380455,0.4517224875720472,0.5786877503380455,0.4953322898059923,0.5786877503380455,0.5331156651034391,0.5786877503380455,0.565926264553744,0.5786877503380455,0.5945535390359086,0.5786877503380455,0.619675731185147,0.5786877503380455,0.641857071620213,0.5786877503380455,0.6615606878338933,0.5786877503380455,0.6791652163287688,0.5786877503380455,0.6949805378266561,0.5786877503380455,0.7092612087011333,0.5786877503380455,0.7222174160361247,0.5786877503380455,0.7340237267747174,0.5786877503380455,0.7448260125246234,0.5786877503380455
0.6237373737373737,0.09848236863424352,0.5867274510147908,0.1502776949120085,0.5867274510147908,0.2118995751715888,0.5867274510147908,0.276813101663575,0.5867274510147908,0.3392690289247273,0.5867274510147908,0.3960713273886842,0.5867274510147908,0.4462128522717104,0.5867274510147908,0.489901925536942,0.5867274510147908,0.5278395079002486,0.5867274510147908,0.5608401783621645,0.5867274510147908,0.5896707799493456,0.5867274510147908,0.6149969498993052,0.5867274510147908,0.6373761756944069,0.5867274510147908,0.6572682189901159,0.5867274510147908,0.6750502733811551,0.5867274510147908,0.6910318554735717,0.5867274510147908,0.705467747214944,0.5867274510147908,0.7185686677429474,0.5867274510147908,0.7305098590808092,0.5867274510147908,0.7414379174962841,0.5867274510147908
0.6336363636363637,0.09752643296800151,0.5948812116247917,0.1481602793138845,0.5948812116247917,0.2085267158161706,0.5948812116247917,0.2724204837107687,0.5948812116247917,0.3342316801038087,0.5948812116247917,0.3907239238847509,0.5948812116247917,0.4407882705244165,0.5948812116247917,0.4845415116538998,0.5948812116247917,0.5226211407249511,0.5948812116247917,0.5558023345830195,0.5948812116247917,0.5848288041341423,0.5948812116247917,0.6103530966567242,0.5948812116247917,0.6329255685135444,0.5948812116247917,0.653002321224075,0.5948812116247917,0.6709588866925613,0.5948812116247917,0.6871042555097963,0.5948812116247917,0.7016933150102322,0.5948812116247917,0.7149372265229825,0.5948812116247917,0.7270118393456275,0.5948812116247917,0.7380644227249098,0.5948812116247917
0.6435353535353535,0.09660594627482211,0.6031495385541518,0.1461213323880233,0.6031495385541518,0.205266963786689,0.6031495385541518,0.2681524687083739,0.6031495385541518,0.3293113481281864,0.6031495385541518,0.3854776381965737,0.6031495385541518,0.4354479624415059,0.6031495385541518,0.4792506270682846,0.6031495385541518,0.5174603250878336,0.6031495385541518,0.5508125839385324,0.6031495385541518,0.580027503977021,0.6031495385541518,0.6057440818986568,0.6031495385541518,0.6285051671661303,0.6031495385541518,0.6487629130119031,0.6031495385541518,0.6668909739294692,0.6031495385541518,0.6831976540899812,0.6031495385541518,0.6979378267281179,0.6031495385541518,0.7113230058017177,0.6031495385541518,0.7235295801772187,0.6031495385541518,0.7347054404065694,0.6031495385541518
0.6534343434343434,0.09571903843544191,0.6115329458276912,0.1441569476411418,0.6115329458276912,0.2021156427075999,0.6115329458276912,0.2640051971034379,0.6115329458276912,0.3245055038944869,0.6115329458276912,0.3803310088619367,0.6115329458276912,0.4301911289661909,0.6115329458276912,0.4740288372834717,0.6115329458276912,0.5123568150798936,0.6115329458276912,0.5458707742026202,0.6115329458276912,0.5752667718914197,0.6115329458276912,0.6011698179653998,0.6115329458276912,0.6241148917741907,0.6115329458276912,0.6445499165230109,0.6115329458276912,0.6628464568110876,0.6115329458276912,0.679311971592569,0.6115329458276912,0.6942012012868782,0.6115329458276912,0.7077259232626038,0.6115329458276912,0.720062998378788,0.6115329458276912,0.7313608868421853,0.6115329458276912
0.6633333333333333,0.0948639647587641,0.6200319619215288,0.1422634521660564,0.6200319619215288,0.1990682819535264,0.6200319619215288,0.2599749040171846,0.6200319619215288,0.3198116326380974,0.6200319619215288,0.3752825591128967,0.6200319619215288,0.4250169526430985,0.6200319619215288,0.4688756944215927,0.6200319619215288,0.5073103570859084,0.6200319619215288,0.5409767498107796,0.6200319619215288,0.5705464999129324,0.6200319619215288,0.5966302187100698,0.6200319619215288,0.6197546651347988,0.6200319619215288,0.6403632572898893,0.6200319619215288,0.6588252608049728,0.6200319619215288,0.6754471323379388,0.6200319619215288,0.6904833616197731,0.6200319619215288,0.7041459006014872,0.6200319619215288,0.7166120147172858,0.6200319619215288,0.7280306822196398,0.6200319619215288
0.6732323232323232,0.09403909592117482,0.6286471374351517,0.1404373910054381,0.6286471374351517,0.1961206088085511,0.6286471374351517,0.2560579203706179,0.6286471374351517,0.3152272372174588,0.6286471374351517,0.3703307990017815,0.6286471374351517,0.4199245984435115,0.6286471374351517,0.4637907373088628,0.6286471374351517,0.5023206895446101,0.6286471374351517,0.5361303515065091,0.6286471374351517,0.565866579323882,0.6286471374351517,0.5921251991366969,0.6286471374351517,0.6154244123827918,0.6286471374351517,0.6362028638968709,0.6286471374351517,0.6548273148397905,0.6286471374351517,0.6716030643223154,0.6286471374351517,0.6867842344272377,0.6286471374351517,0.7005828632951099,0.6286471374351517,0.7131765537047129,0.6286471374351517,0.7247147504078673,0.6286471374351517
0.6831313131313131,0.09324290883423625,0.6373790537269886,0.1386755126155976,0.6373790537269886,0.1932685406762603,0.6373790537269886,0.2522506735804539,0.6373790537269886,0.3107498411707962,0.6373790537269886,0.365474227504892,0.6373790537269886,0.4149132146387885,0.6373790537269886,0.4587734916152231,0.6373790537269886,0.4973875427534214,0.6373790537269886,0.5313314160224015,0.6373790537269886,0.5612269003055227,0.6373790537269886,0.5876546750612099,0.6373790537269886,0.6111240606731843,0.6373790537269886,0.6320686676864092,0.6373790537269886,0.65085255103411,0.6373790537269886,0.6677796989665609,0.6373790537269886,0.6831037499429777,0.6373790537269886,0.6970367403818012,0.6373790537269886,0.709756543393361,0.6373790537269886,0.7214130187617481,0.6373790537269886
0.693030303030303,0.0924739783448449,0.646228332637351,0.1369747553559904,0.646228332637351,0.1905081773828237,0.646228332637351,0.2485496878637349,0.646228332637351,0.3063769915450978,0.646228332637351,0.3607113345939874,0.646228332637351,0.4099819337148088,0.646228332637351,0.4538234700442471,0.646228332637351,0.4925106387152814,0.646228332637351,0.5265797757941635,0.646228332637351,0.5566273516163307,0.646228332637351,0.5832185627939841,0.646228332637351,0.6068535388821422,0.646228332637351,0.6279606024818341,0.646228332637351,0.6469009044401892,0.646228332637351,0.663976970878849,0.646228332637351,0.6794418417132456,0.646228332637351,0.6935074642554165,0.646228332637351,0.7063519151810354,0.646228332637351,0.7181254179397576,0.646228332637351
0.702929292929293,0.09173096968281176,0.6551956474469837,0.1353322349338676,0.6551956474469837,0.1878357936081752,0.6551956474469837,0.2449515841882039,0.6551956474469837,0.3021062614989691,0.6551956474469837,0.3560406032667008,0.6551956474469837,0.4051298733206241,0.6551956474469837,0.4489401725693803,0.6551956474469837,0.4876896910252338,0.6551956474469837,0.5218752587058978,0.6551956474469837,0.5520678202950996,0.6551956474469837,0.5788167788427653,0.6551956474469837,0.6026127773253931,0.6551956474469837,0.6238786043255508,0.6551956474469837,0.6429723128016533,0.6551956474469837,0.6601948176300937,0.6551956474469837,0.6757984463878338,0.6551956474469837,0.6899949704697164,0.6551956474469837,0.7029626036278814,0.6551956474469837,0.714851881730498,0.6551956474469837
0.7128282828282828,0.09101263158035729,0.6642817352504948,0.1337452327373558,0.6642817352504948,0.1852478314739735,0.6642817352504948,0.2414530799040062,0.6642817352504948,0.2979352526825655,0.6642817352504948,0.3514605115280231,0.6642817352504948,0.4003561372448379,0.6642817352504948,0.4441230867127179,0.6642817352504948,0.4829244047945128,0.6642817352504948,0.5172176878651075,0.6642817352504948,0.5475481913875699,0.6642817352504948,0.5744492396348795,0.6642817352504948,0.5984017074930075,0.6642817352504948,0.6198226112315892,0.6642817352504948,0.6390667163242471,0.6642817352504948,0.65643317954136,0.6642817352504948,0.6721735035223331,0.6642817352504948,0.6864991975536473,0.6642817352504948,0.6995885462828441,0.6642817352504948,0.7115923468887703,0.6642817352504948
0.7227272727272727,0.0903177899964004,0.6734874109620775,0.1322111849941327,0.6734874109620775,0.1827408933113852,0.6734874109620775,0.2380509880905847,0.6734874109620775,0.2938615973991808,0.6734874109620775,0.3469695343159623,0.6734874109620775,0.3956598164135947,0.6734874109620775,0.4393716878626442,0.6734874109620775,0.4782144766099745,0.6734874109620775,0.5126068814059668,0.6734874109620775,0.5430683476954451,0.6734874109620775,0.5701158612576901,0.6734874109620775,0.5942202617997054,0.6734874109620775,0.6157925629518258,0.6734874109620775,0.6351840574587895,0.6734874109620775,0.6526919994825635,0.6734874109620775,0.6685669553907432,0.6734874109620775,0.6830200868363244,0.6734874109620775,0.6962296835190369,0.6734874109620775,0.7083467529810198,0.6734874109620775
0.7326262626262626,0.08964534238589637,0.6828135832194344,0.1307276726967162,0.6828135832194344,0.1803117346268025,0.6828135832194344,0.2347422166508106,0.6828135832194344,0.289882960554239,0.6828135832194344,0.3425661453654281,0.6828135832194344,0.3910399899043921,0.6828135832194344,0.4346854396267955,0.6828135832194344,0.4735595945267729,0.6828135832194344,0.5080426523194534,0.6828135832194344,0.5386281695467043,0.6828135832194344,0.5658165592163833,0.6828135832194344,0.5900683733497425,0.6828135832194344,0.6117884007548916,0.6828135832194344,0.6313242806955829,0.6828135832194344,0.648971222681593,0.6828135832194344,0.6649787468079952,0.6828135832194344,0.6795575822808975,0.6828135832194344,0.6928859583783491,0.6828135832194344,0.7051150422383212,0.6828135832194344
0.7425252525252525,0.08899425246097815,0.6922612725129172,0.1292924122391479,0.6922612725129172,0.1779572572793104,0.6922612725129172,0.2315237671824799,0.6922612725129172,0.2859970413984153,0.6922612725129172,0.3382488190052652,0.6922612725129172,0.3864957259702957,0.6922612725129172,0.4300637942169051,0.6922612725129172,0.4689594380922621,0.6922612725129172,0.5035248083090377,0.6922612725129172,0.5342275345862266,0.6922612725129172,0.5615512482082287,0.6922612725129172,0.5859459757156505,0.6922612725129172,0.6078100672171544,0.6922612725129172,0.6274873323695743,0.6922612725129172,0.6452707965432435,0.6922612725129172,0.661408824961231,0.6922612725129172,0.6761116303273527,0.6922612725129172,0.6895573164234369,0.6922612725129172,0.7018971594170688,0.6922612725129172
0.7524242424242424,0.08836354539638992,0.7018316319453214,0.1279032467134949,0.7018316319453214,0.1756745028800052,0.7018316319453214,0.2283927336553467,0.7018316319453214,0.2822015750724153,0.7018316319453214,0.3340160318842027,0.7018316319453214,0.3820260830694734,0.7018316319453214,0.4255061928622363,0.7018316319453214,0.4644136783991795,0.7018316319453214,0.4990531516706616,0.7018316319453214,0.5298663175857625,0.7018316319453214,0.5573198419124991,0.7018316319453214,0.5818530027300952,0.7018316319453214,0.6038575060250433,0.7018316319453214,0.6236731604756403,0.7018316319453214,0.6415906704773567,0.7018316319453214,0.6578571392499534,0.7018316319453214,0.672682179742822,0.7018316319453214,0.6862437055977745,0.7018316319453214,0.6986930516671456,0.7018316319453214
0.7623232323232323,0.08775230343676484,0.7115259711278663,0.1265581378180924,0.7115259711278663,0.1734606464200623,0.7115259711278663,0.2253463009199071,0.7115259711278663,0.2784943339615837,0.7115259711278663,0.3298662646222783,0.7115259711278663,0.3776301108953172,0.7115259711278663,0.4210120662484175,0.7115259711278663,0.4599219781661978,0.7115259711278663,0.4946274791957905,0.7115259711278663,0.5255443902723715,0.7115259711278663,0.5531222527953209,0.7115259711278663,0.5777893882901631,0.7115259711278663,0.5999306617881086,0.7115259711278663,0.6198817144934009,0.7115259711278663,0.6379307957356615,0.7115259711278663,0.6543236411338812,0.7115259711278663,0.6692691814797302,0.7115259711278663,0.6829450760922794,0.7115259711278663,0.695502668406382,0.7115259711278663
0.7722222222222221,0.08715966186777688,0.721345783848238,0.1252551583327822,0.721345783848238,0.1713129901317212,0.721345783848238,0.222381743072183,0.721345783848238,0.2748731288690085,0.721345783848238,0.3257980033850344,0.721345783848238,0.3733068514027673,0.721345783848238,0.4165808349786075,0.721345783848238,0.4554839918440219,0.721345783848238,0.4902475820963969,0.721345783848238,0.5212616211744948,0.721345783848238,0.5489583919287629,0.721345783848238,0.5737550661734989,0.721345783848238,0.59602947986225,0.721345783848238,0.6161129452210075,0.721345783848238,0.6342911252567102,0.721345783848238,0.6508082839885333,0.721345783848238,0.665872588540672,0.721345783848238,0.6796613802188003,0.721345783848238,0.6923259612013729,0.721345783848238
0.7821212121212121,0.08658480531716135,0.7312927803178818,0.123992485119567,0.7312927803178818,0.1692289575840396,0.7312927803178818,0.2194964216968537,0.7312927803178818,0.2713358100161474,0.7312927803178818,0.321809741378471,0.7312927803178818,0.3690553398267878,0.7312927803178818,0.4122119100540674,0.7312927803178818,0.4510993657452432,0.7312927803178818,0.4859132459507337,0.7312927803178818,0.517017875484852,0.7312927803178818,0.5448281688235019,0.7312927803178818,0.5697499698656859,0.7312927803178818,0.5921539061825765,0.7312927803178818,0.6123668046174822,0.7312927803178818,0.6306716135184971,0.7312927803178818,0.6473110229676485,0.7312927803178818,0.6624923558499489,0.7312927803178818,0.6763925722895795,0.7312927803178818,0.6891628836541148,0.7312927803178818
0.792020202020202,0.08602696435511271,0.7413689250279593,0.1227683926100818,0.7413689250279593,0.1672060880133086,0.7413689250279593,0.2166877840092177,0.7413689250279593,0.2678802678802367,0.7413689250279593,0.3178999802633817,0.7413689250279593,0.3648746056892825,0.7413689250279593,0.4079046933713073,0.7413689250279593,0.4467677381962153,0.7413689250279593,0.4816242506688332,0.7413689250279593,0.5128130149394088,0.7413689250279593,0.5407314912745002,0.7413689250279593,0.5657740323983773,0.7413689250279593,0.5883038871054235,0.7413689250279593,0.6086432456530178,0.7413689250279593,0.6270722163983102,0.7413689250279593,0.6438318148723976,0.7413689250279593,0.6591284401312762,0.7413689250279593,0.6731386085027111,0.7413689250279593,0.6860133912941617,0.7413689250279593
0.8019191919191919,0.08548541236668708,0.7515764815523398,0.1215812467440921,0.7515764815523398,0.1652420308863985,0.7515764815523398,0.2139533609146808,0.7515764815523398,0.2645044338778821,0.7515764815523398,0.3140672314882775,0.7515764815523398,0.3607636737910611,0.7515764815523398,0.4036585782331256,0.7515764815523398,0.4424887397092745,0.7515764815523398,0.4773803704766899,0.7515764815523398,0.5086468977117077,0.7515764815523398,0.5366682652190731,0.7515764815523398,0.5618271861976447,0.7515764815523398,0.5844793692590621,0.7515764815523398,0.6049422221669554,0.7515764815523398,0.6234928910394331,0.7515764815523398,0.6403706180267656,0.7515764815523398,0.6557807997912901,0.7515764815523398,0.6698994468327908,0.7515764815523398,0.6828774414757233,0.7515764815523398
0.8118181818181818,0.08495946267160905,0.7619180660307455,0.1204294993258581,0.7619180660307455,0.1633345406939574,0.7619180660307455,0.211290765002759,0.7619180660307455,0.2612062809042597,0.7619180660307455,0.3103100175406469,0.7619180660307455,0.3567215651857927,0.7619180660307455,0.3994729498709715,0.7619180660307455,0.4382619931736746,0.7619180660307455,0.4731813739180964,0.7619180660307455,0.5045193783218579,0.7619180660307455,0.5326383946068639,0.7619180660307455,0.5579093629421283,0.7619180660307455,0.5806802994027072,0.7619180660307455,0.6012636887329645,0.7619180660307455,0.6199335957242742,0.7619180660307455,0.6369273921588314,0.7619180660307455,0.6524493948084381,0.7619180660307455,0.6666750469268417,0.7619180660307455,0.6797549932798185,0.7619180660307455
0.8217171717171717,0.08444846586934629,0.7723967116405531,0.1193116827676592,0.7723967116405531,0.1614814719692854,0.7723967116405531,0.20869768849096,0.7723967116405531,0.257983823737318,0.7723967116405531,0.3066268731167742,0.7723967116405531,0.3527472981331866,0.7723967116405531,0.3953471859761878,0.7723967116405531,0.4340871140636576,0.7723967116405531,0.4690270238731778,0.7723967116405531,0.5004303075595206,0.7723967116405531,0.5286417812811812,0.7723967116405531,0.5540204934305303,0.7723967116405531,0.5769066242933957,0.7723967116405531,0.5976076005310736,0.7723967116405531,0.6163942897536462,0.7723967116405531,0.6335020982876476,0.7723967116405531,0.6491341866271197,0.7723967116405531,0.6634653700049313,0.7723967116405531,0.6766460074208155,0.7723967116405531
0.8316161616161616,0.08395180738951333,0.7830159471398507,0.1182264051920676,0.7830159471398507,0.1596807745278274,0.7830159471398507,0.2061719011323783,0.7830159471398507,0.2548351193162474,0.7830159471398507,0.3030163462107826,0.7830159471398507,0.348839889028945,0.7830159471398507,0.3912806572378216,0.7830159471398507,0.4299637106621207,0.7830159471398507,0.4649170775926442,0.7830159471398507,0.4963795324202739,0.7830159471398507,0.5246783248712494,0.7830159471398507,0.5501605074580471,0.7830159471398507,0.5731582905604334,0.7830159471398507,0.5939739132262484,0.7830159471398507,0.6128749333318478,0.7830159471398507,0.6300946986153678,0.7830159471398507,0.6458351380566247,0.7830159471398507,0.6602703787655261,0.7830159471398507,0.673550446157297,0.7830159471398507
0.8415151515151514,0.08346890522962204,0.7937798936443327,0.1171723458666898,0.7937798936443327,0.1579304889215302,0.7937798936443327,0.203711248099404,0.7937798936443327,0.2517582669033132,0.7937798936443327,0.2994769991239543,0.7937798936443327,0.3449983533093218,0.7937798936443327,0.3872727278848125,0.7937798936443327,0.4258913842984053,0.7937798936443327,0.4608512867468534,0.7937798936443327,0.4923668960547164,0.7937798936443327,0.5207479226948979,0.7937798936443327,0.5463293337014065,0.7937798936443327,0.5694352445870022,0.7937798936443327,0.5903625828531814,0.7937798936443327,0.6093754874572205,0.7937798936443327,0.6267051564243737,0.7937798936443327,0.6425522131746502,0.7937798936443327,0.6570900372948161,0.7937798936443327,0.6704682732068649,0.7937798936443327
0.8514141414141414,0.08299920786394582,0.804693385471748,0.1161482509470756,0.804693385471748,0.1562287421017781,0.804693385471748,0.2013136478546017,0.804693385471748,0.2487514081379123,0.804693385471748,0.2960074093957166,0.804693385471748,0.3412217063283937,0.804693385471748,0.3833227562304948,0.804693385471748,0.4218697295987704,0.804693385471748,0.4568293974887741,0.804693385471748,0.4883922377297393,0.804693385471748,0.5168504696712622,0.804693385471748,0.5425268996120953,0.804693385471748,0.5657374323986888,0.804693385471748,0.5867735657069981,0.804693385471748,0.6058959138179849,0.804693385471748,0.6233334359791001,0.804693385471748,0.6392853772352147,0.804693385471748,0.6539243109803831,0.804693385471748,0.6673994536649576,0.804693385471748
0.8613131313131313,0.08254219230882613,0.815762123051642,0.1151529295053325,0.815762123051642,0.1545737432842187,0.815762123051642,0.1989770900185728,0.815762123051642,0.2458127269914542,0.815762123051642,0.2926061706579958,0.815762123051642,0.3375089642064217,0.815762123051642,0.3794300952174776,0.815762123051642,0.4178983347481701,0.815762123051642,0.4528511505299702,0.815762123051642,0.4844553928013864,0.815762123051642,0.5129858582430842,0.815762123051642,0.5387531313174848,0.815762123051642,0.5620647995585922,0.815762123051642,0.5832068182396267,0.815762123051642,0.6024361746930328,0.815762123051642,0.6199795024324037,0.815762123051642,0.6360345965806218,0.815762123051642,0.6507731664284675,0.815762123051642,0.6643439539269133,0.815762123051642
0.8712121212121212,0.08209736233114777,0.8269928695066298,0.1141852498236832,0.8269928695066298,0.1529637800085168,0.8269928695066298,0.1966996332434607,0.8269928695066298,0.242940449631351,0.8269928695066298,0.2892718934148864,0.8269928695066298,0.3338591446479305,0.8269928695066298,0.3755940929610854,0.8269928695066298,0.4139767817619914,0.8269928695066298,0.4489162812287534,0.8269928695066298,0.4805561926987367,0.8269928695066298,0.5091539783082193,0.8269928695066298,0.5350079535295303,0.8269928695066298,0.5584172910687445,0.8269928695066298,0.5796622969615873,0.8269928695066298,0.5989962328574623,0.8269928695066298,0.6166433217361131,0.8269928695066298,0.632799838557381,0.8269928695066298,0.6476365713849873,0.8269928695066298,0.6613017416137288,0.8269928695066298
0.8811111111111111,0.08166424678796182,0.8383937099342511,0.1132441359337807,0.8383937099342511,0.1513972143858923,0.8383937099342511,0.1944794030996968,0.8383937099342511,0.2401328442020803,0.8383937099342511,0.2860032057498101,0.8383937099342511,0.330271267728368,0.8383937099342511,0.3718140932896733,0.8383937099342511,0.4101046467664801,0.8383937099342511,0.4450245196896762,0.8383937099342511,0.4766944649182927,0.8383937099342511,0.5053547171599569,0.8383937099342511,0.5312912894607347,0.8383937099342511,0.554794851277605,0.8383937099342511,0.5761399583489366,0.8383937099342511,0.5955760514926765,0.8383937099342511,0.6133248605557,0.8383937099342511,0.629581071435779,0.8383937099342511,0.6445144946598794,0.8383937099342511,0.658272785500834,0.8383937099342511
0.891010101010101,0.0812423980863578,0.8499743979096113,0.1123285643840528,0.8499743979096113,0.1498724795272008,0.8499743979096113,0.1923145899826079,0.8499743979096113,0.2373882205309334,0.8499743979096113,0.2827987539625258,0.8499743979096113,0.3267443566484382,0.8499743979096113,0.3680894362802445,0.8499743979096113,0.4062815002866147,0.8499743979096113,0.4411755908735482,0.8499743979096113,0.4728700330283241,0.8499743979096113,0.5015879594357979,0.8499743979096113,0.5276030607470997,0.8499743979096113,0.5511974237933619,0.8499743979096113,0.5726397587551662,0.8499743979096113,0.5921755941007489,0.8499743979096113,0.6100240861888019,0.8499743979096113,0.6263782643329742,0.8499743979096113,0.6414069060547832,0.8499743979096113,0.655257055449996,0.8499743979096113
0.9009090909090909,0.08083139075369422,0.8617468721268274,0.1114375612186903,0.8617468721268274,0.1483880761442932,0.8617468721268274,0.1902034470446158,0.8617468721268274,0.234704929765693,0.8617468721268274,0.2796572031384943,0.8617468721268274,0.3232774384554126,0.8617468721268274,0.3644194587879162,0.8617468721268274,0.4025069075402418,0.8617468721268274,0.4373692147171937,0.8617468721268274,0.469082716682678,0.8617468721268274,0.4978535870743364,0.8617468721268274,0.5239431873777903,0.8617468721268274,0.5476249514028371,0.8617468721268274,0.5691616543278721,0.8617468721268274,0.5887948244229789,0.8617468721268274,0.606740966487391,0.8617468721268274,0.6231913871394661,0.8617468721268274,0.6383137762937027,0.8617468721268274,0.6522545223440388,0.8617468721268274
0.9108080808080807,0.0804308201092029,0.8736769834110454,0.1105701991531405,0.8736769834110454,0.1469425693174219,0.8736769834110454,0.1881442881579484,0.8736769834110454,0.2320813639511176,0.8736769834110454,0.2765772376532305,0.8736769834110454,0.3198695447309137,0.8736769834110454,0.3608034949679093,0.8736769834110454,0.3987804287373444,0.8736769834110454,0.4336051062621837,0.8736769834110454,0.4653323316435402,0.8736769834110454,0.4941514792798976,0.8736769834110454,0.520311587631259,0.8736769834110454,0.544077375995754,0.8736769834110454,0.5657056009299494,0.8736769834110454,0.585433706362361,0.8736769834110454,0.6034754697834731,0.8736769834110454,0.6200204104487,0.8736769834110454,0.635235076956703,0.8736769834110454,0.6492651580243269,0.8736769834110454
0.9207070707070707,0.08004030102879678,0.8856997006523938,0.1097255949321122,0.8856997006523938,0.145534585421542,0.8856997006523938,0.1861354859120377,0.8856997006523938,0.2295159555507308,0.8856997006523938,0.2735575616143583,0.8856997006523938,0.3165197122448574,0.8856997006523938,0.3572408767888337,0.8856997006523938,0.3951016193833626,0.8856997006523938,0.4298829757917986,0.8856997006523938,0.4616186898126813,0.8856997006523938,0.4904815124946069,0.8856997006523938,0.5167081780175706,0.8856997006523938,0.5405546384941875,0.8856997006523938,0.5622715540651881,0.8856997006523938,0.5820922039098644,0.8856997006523938,0.6002275648181697,0.8856997006523938,0.6168653054897206,0.8856997006523938,0.6321707804162731,0.8856997006523938,0.646288935230804,0.8856997006523938
0.9306060606060605,0.07965946679564549,0.8994246784472196,0.1089029068571566,0.8994246784472196,0.144162809204476,0.8994246784472196,0.1841754696491213,0.8994246784472196,0.2270071769200373,0.8994246784472196,0.2705968992441582,0.8994246784472196,0.3132269835754065,0.8994246784472196,0.3537309345361659,0.8994246784472196,0.3914700305855323,0.8994246784472196,0.4262025289754948,0.8994246784472196,0.4579415992706961,0.8994246784472196,0.4868435603775646,0.8994246784472196,0.5131328732267054,0.8994246784472196,0.5370566787869748,0.8994246784472196,0.558859468808059,0.8994246784472196,0.5787702810743274,0.8994246784472196,0.5969972206739556,0.8994246784472196,0.6137260440627367,0.8994246784472196,0.6291208597764505,0.8994246784472196,0.6433258275445034,0.8994246784472196
0.9405050505050505,0.07928796802974293,0.9641458892547521,0.108101332471867,0.9641458892547521,0.1428259810100629,0.9641458892547521,0.1822627235409517,0.9641458892547521,0.2245535397369111,0.9641458892547521,0.2676939952054257,0.9641458892547521,0.3099904076949443,0.9641458892547521,0.3502729973049163,0.9641458892547521,0.3878852093612604,0.9641458892547521,0.4225634670201858,0.9641458892547521,0.4543008643237897,0.9641458892547521,0.4832374937908181,0.9641458892547521,0.5095855860825956,0.9641458892547521,0.5335834356689316,0.9641458892547521,0.5554692997375525,0.9641458892547521,0.5754679018158562,0.9641458892547521,0.593784406710001,0.9641458892547521,0.6106025984774145,0.9641458892547521,0.626085288814395,0.9641458892547521,0.6403758093324325,0.9641458892547521
0.9504040404040404,0.07892547169028959,0.9701396389494867,0.1073201063936403,0.9701396389494867,0.1415228941395864,0.9701396389494867,0.1803957847089849,0.9701396389494867,0.222153594394538,0.9701396389494867,0.264847614873494,0.9701396389494867,0.3068090405222204,0.9701396389494867,0.3468663934805917,0.9701396389494867,0.3843466989476169,0.9701396389494867,0.4189654868276474,0.9701396389494867,0.4506962855576553,0.9701396389494867,0.4796631807918319,0.9701396389494867,0.5060662275026907,0.9701396389494867,0.5301348467846833,0.9701396389494867,0.5521010008749061,0.9701396389494867,0.5721850299825543,0.9701396389494867,0.5905890925004523,0.9701396389494867,0.6074949414938118,0.9701396389494867,0.6230640419243901,0.9701396389494867,0.6374388556946424,0.9701396389494867
0.9603030303030302,0.07857166014525052,0.9761225067813063,0.10655849828177,0.9761225067813063,0.1402523923449734,0.9761225067813063,0.1785732413899297,0.9761225067813063,0.2198059293619282,0.9761225067813063,0.2620565445572643,0.9761225067813063,0.3036819454409485,0.9761225067813063,0.3435104512076579,0.9761225067813063,0.3808540391110534,0.9761225067813063,0.4154082811573996,0.9761225067813063,0.4471276598979979,0.9761225067813063,0.4761204866321472,0.9761225067813063,0.5025747064628245,0.9761225067813063,0.5267108485769393,0.9761225067813063,0.5487545256250883,0.9761225067813063,0.5689216292504764,0.9761225067813063,0.5874112477755131,0.9761225067813063,0.6044030462658644,0.9761225067813063,0.6200570940641461,0.9761225067813063,0.6345149424133968,0.9761225067813063
0.9702020202020202,0.07822623030293696,0.9820940132761798,0.1058158109324134,0.9820940132761798,0.1390133674474606,0.9820940132761798,0.1767937311481085,0.9820940132761798,0.2175091705166688,0.9820940132761798,0.2593195916720742,0.9820940132761798,0.3006081937852588,0.9820940132761798,0.3402044988448006,0.9820940132761798,0.3774067664565318,0.9820940132761798,0.4118915387944231,0.9820940132761798,0.4435947806772884,0.9820940132761798,0.4726092737619598,0.9820940132761798,0.4991109299671936,0.9820940132761798,0.5233113762390593,0.9820940132761798,0.5454298267218863,0.9820940132761798,0.5656776630666791,0.9820940132761798,0.5842508423652653,0.9820940132761798,0.6013268862872616,0.9820940132761798,0.6170644207033045,0.9820940132761798,0.6316040459044616,0.9820940132761798
0.98010101010101,0.07788889280090169,0.9880540667495268,0.1050913784916728,0.9880540667495268,0.1378047570756497,0.9880540667495268,0.1750559391356954,0.9880540667495268,0.2152619804542464,0.9880540667495268,0.2566355848672073,0.9880540667495268,0.2975868652925088,0.9880540667495268,0.3369478654063847,0.9880540667495268,0.3740044147352753,0.9880540667495268,0.408414944721112,0.9880540667495268,0.4400974377073206,0.9880540667495268,0.4691294018403245,0.9880540667495268,0.4956748030232313,0.9880540667495268,0.5199363636717573,0.9880540667495268,0.5421268561764971,0.9880540667495268,0.5624530945952525,0.9880540667495268,0.5811078461460583,0.9880540667495268,0.5982664353396326,0.9880540667495268,0.6140859977740127,0.9880540667495268,0.6287061431701857,0.9880540667495268
0.99,0.07755937124783689,0.9940025818994733,0.1043845647786886,0.9940025818994733,0.1366255425170921,0.9940025818994733,0.173358596401557,0.9940025818994733,0.2130630577779415,0.9940025818994733,0.2540033741107961,0.9940025818994733,0.2946170485240491,0.9940025818994733,0.3337398809895851,0.9940025818994733,0.3706465151504216,0.9940025818994733,0.404978180292853,0.9940025818994733,0.4366354173571663,0.9940025818994733,0.465680727750715,0.9940025818994733,0.4922662286211983,0.9940025818994733,0.5165857434437888,0.9940025818994733,0.5388455652294606,0.9940025818994733,0.5592478866662232,0.9940025818994733,0.5779822289894204,0.9940025818994733,0.5952216674429854,0.9940025818994733,0.611121801623546,0.9940025818994733,0.6258212117545744,0.9940025818994733
