0.01,0.9970029137564443,0.4976613291707269,0.9970802344260843,0.5064273733227942,0.9971532933935068,0.5149193893029399,0.99722278761262,0.5231468487172942,0.9972889719773539,0.5311191516629277,0.9973520772223254,0.5388455652294567,0.9974123823272096,0.5463351757632187,0.9974697187140315,0.5535968525579628,0.9975249283714369,0.5606392209793221,0.9975776836416104,0.5674706433335673,0.9976279200203088,0.5740992060557445,0.9976764675422121,0.5805327120210945,0.9977227171119946,0.5867786769798,0.997767643136784,0.5928443292823702,0.9978103977253128,0.598736612204834,0.9978517440739481,0.6044621883025533,NaN,0.6100274453221948,NaN,0.6154385032858455,NaN,0.6207012224316818,NaN,0.6258212117545702
0.01191919191919192,0.9964272531200103,0.4983179169759487,0.9965189137159228,0.5070801289613098,0.9966059888698128,0.5155679683697615,0.9966888141728025,0.5237909590994367,0.9967676933446381,0.5317585476202239,0.9968429018377449,0.5394800420609734,0.9969146900339876,0.5469645650189515,0.9969832861507655,0.5542210177530287,0.9970488983106215,0.5612580537674614,0.9971117171797677,0.5680840600977767,0.99717191746628,0.5747071448757886,0.9972296594107309,0.5811351299800424,0.9972850907365116,0.5873755477745443,0.9973383472392445,0.5934356411059559,0.9973895546401925,0.5993223658712384,0.9974388288390379,0.6050423955873792,0.9974866941944287,0.6106021274953737,0.9975323342452308,0.6160076898148332,0.9975764193148986,0.6212649498359821,0.9976189441480894,0.6263795225943865
0.01383838383838384,0.9958515786918323,0.4989755107254893,0.9959580186430663,0.5077338477979719,0.9960591331795825,0.5162174700845424,0.9961553122095566,0.524435953703456,0.9962469084844058,0.5323987914152424,0.9963342419219225,0.5401153322991691,0.9964176033395423,0.5475947351109315,0.9964972576895388,0.554845932980592,0.9965734468720795,0.561877607457416,0.9966463921887824,0.5686981702141639,0.9967162964896618,0.5753157509898947,0.9967833460569213,0.5817381905801083,0.9968477122624695,0.5879730378798973,0.9969095530306138,0.594027550153193,0.9969690141315664,0.5999086958430209,0.997026230328759,0.605623159357184,0.9970813263151141,0.6111773473642069,0.9971344179720939,0.6165773962183679,0.9971856126124987,0.6218291802028703,0.9972350101415625,0.6269383203386304
0.01575757575757576,0.9952757948408861,0.4996341110875688,0.995397019554597,0.5083885304191008,0.9955121785903275,0.516867894963348,0.9956217160948716,0.5250818329856181,0.9957260338859137,0.5330398834534499,0.9958254963773688,0.5407514363064457,0.9959204348326187,0.5482256863651181,0.9960111510502936,0.5554715985358571,0.9960979205690089,0.5624978823184988,0.9961809954626663,0.5693129739302963,0.9962606067862563,0.5759250246274312,0.9963369667218573,0.5823418940354916,0.9964102704670605,0.588571147497454,0.9964806979010655,0.5946200566152625,0.9965484150584167,0.6004956023028125,0.9966135754358401,0.6062044797876234,0.996676321153789,0.6117531050987074,0.9967367839911292,0.6171476226619451,0.9967950863090858,0.6223939136943032,0.9968513418776921,0.6274976051464807
0.01767676767676768,0.9946999016622955,0.5002937187290197,0.9948359166595404,0.5090441774088248,0.9949651253076508,0.5175192435203655,0.9950880260312525,0.5257285974006033,0.9952050697489234,0.5336818241390004,0.9953166654013245,0.5413883544441385,0.995423184724995,0.5488574191066444,0.9955249663891435,0.556098014713411,0.995622319592473,0.5631188786195878,0.9957155272005129,0.5699284714934831,0.9958048484905774,0.5765349660176691,0.9958905215602721,0.5829462405604268,0.9959727654468967,0.5891698768289797,0.9960517819972946,0.5952131606836356,0.9961277575218164,0.6010830854336293,0.9962008642609286,0.6067863570548304,0.9962712616887884,0.6123294008694549,0.9963390976744977,0.6177183693116964,0.996404509518881,0.6229591504729055,0.9964676248820579,0.6280573771778712
0.0195959595959596,0.9941238992245369,0.5009543343126892,0.9942747100211049,0.5097007893489399,0.9944179733900427,0.5181715162677695,0.9945542420729379,0.5263762474013807,0.9946840161238034,0.5343246138746142,0.9948077490406593,0.542026087072407,0.9949258530603631,0.5494899336596977,0.9950387037468771,0.5567251818071115,0.9951466439806032,0.5637405966290361,0.9952499874380279,0.570544663150686,0.9953490216361207,0.5771455753896899,0.9954440106036113,0.5835512303691062,0.9955351972315629,0.5897692260763175,0.9956228053471532,0.5958068625499694,0.9957070415480137,0.6016711454187933,0.9957880968287803,0.6073687913353301,0.9958661480267936,0.6129062348474865,0.9959413591099668,0.6182896363343146,0.9960138823265925,0.6235248907019312,0.9960838592340359,0.6286176365934038
0.02151515151515151,0.9935477875966331,0.5016159585000783,0.9937133997030214,0.5103583668189166,0.9938707228964537,0.5188247137157288,0.9940203642745716,0.527024783439216,0.9941628730613008,0.5349682530615862,0.9942987473425952,0.5426646345502437,0.99442843988273,0.5501232303475381,0.9945523631645827,0.5573531001101041,0.9946708937718238,0.5643630366146776,0.9947843762111894,0.5711615491485248,0.9948931262566131,0.5777568529723927,0.9949974338835285,0.5841568636756861,0.9950975658508192,0.5903691954414118,0.9951937679786436,0.5964011624061489,0.995286267163408,0.6022597824419361,0.9953752731643102,0.6079517828060588,0.9954609801913245,0.613483607204356,0.9955435683197752,0.6188614238970419,0.9956232047532678,0.6240911345452709,0.9957000449535839,0.6291783835543727
0.02343434343434343,0.9929715668480987,0.502278591948869,0.9931519857694848,0.5110169103959029,0.9933233738862626,0.519478836372415,0.9934863926911845,0.527674205963677,0.993641640612549,0.535612742099797,0.9937896603546722,0.5433039972354874,0.9939309452364029,0.5507573094925085,0.9940659446836179,0.5579817699148327,0.994195069004785,0.5649861988438381,0.9943186935561703,0.5717791297332916,0.9944371623859742,0.5783687989945093,0.9945507914318984,0.5847631406942989,0.994659871334604,0.5909697851263128,0.9947646699199575,0.5969960604442668,0.9948654343945558,0.6028489966870236,0.9949623932925699,0.6085353316443782,0.9950557582060362,0.6140615181121123,0.9951457253262908,0.6194337321677172,0.9952324768200824,0.6246578821674513,0.9953161820607507,0.6297396182227815
0.02535353535353535,0.9923952370490081,0.5029422353147478,0.99259046828514,0.5116764206547378,0.9927759264192879,0.5201338847440138,0.992952327378212,0.5283245154226518,0.9931203188289788,0.5362580813877283,0.9932804881247707,0.5439441754848348,0.993433369165966,0.5513921714160434,0.9935794483455836,0.5586111915130527,0.9937191697183876,0.5656100835833546,0.9938529395093813,0.5723974051509642,0.9939811300583397,0.5789814136846205,0.9941040832807335,0.5853700616390696,0.9942221137130376,0.5915709953331855,0.994335511199419,0.5975915568566724,0.9944445432681583,0.6034387883383567,0.9945494572387418,0.6091194380280767,0.9946504820947191,0.6146399677433203,0.9947478301519939,0.620006561314755,0.9948416985483078,0.6252251337336506,0.9949322705756959,0.6303013407613449
0.02727272727272727,0.9918187982699447,0.5036068892505853,0.9920288473151209,0.5123368981679511,0.9922283805557219,0.5207898593347317,0.9924181683914375,0.5289757122623532,0.9925989077624031,0.5369042713224667,0.992771230701037,0.5445851696538487,0.9929357117162982,0.5520278164386858,0.9930928741923697,0.5592413651958424,0.9932431959517511,0.5662346910995838,0.9933871141074601,0.5730163756472185,0.9935250293080429,0.5795946972711663,0.9936573094622589,0.5859776267241228,0.9937842930163863,0.5921728262643385,0.9939062918455415,0.5981876518359415,0.9940235938110622,0.6040291575805965,0.9941364650281577,0.6097041021353998,0.994245151881274,0.6152189562710724,0.9943498828195001,0.6205799115071826,0.9944508699593368,0.6257928894097328,0.9945483105186741,0.6308635513334985
0.02919191919191919,0.9912422505819809,0.5042725544066087,0.9914671229250207,0.512998343505779,0.9916807363562457,0.5214467606468054,0.9918839157870701,0.5296277969273315,0.9920774074649763,0.5375513122997233,0.9922618881319831,0.5452269800969751,0.9924379729325743,0.5526642448801005,0.9926062222661006,0.5598722912536168,0.9927671477442631,0.5668600216584156,0.9929212173872489,0.573636041467445,0.9930688601696094,0.5802086499824575,0.9932104700088971,0.5865858361636075,0.9933464092751276,0.5927752781222192,0.9934770118869624,0.5987843455749305,0.993602586050258,0.60462010459877,0.9937234166862581,0.6102893241450404,0.9938397675897447,0.6157984838690039,0.9939518833515155,0.6211537829146329,0.9940599910746629,0.6263611493622314,0.994164301910053,0.631426250103419
0.03111111111111111,0.9906655940567832,0.5049392314304045,0.9909052951809356,0.5136607572361669,0.99113299388194,0.5221045891805122,0.9913495696216724,0.5302807698604833,0.9915558179892004,0.5381992047138396,0.9917524604664198,0.5458696071675551,0.9919401528602618,0.5533014570590825,0.9921194926092054,0.5605039699761433,0.9922910251355548,0.5674860755252902,0.9924552493858325,0.5742564028567584,0.9926126226777999,0.5808232720466907,0.9927635649532414,0.587194690171699,0.9929084625198763,0.5933783511094379,0.99304767135251,0.5993816382667684,0.9931815200128919,0.6052116295782761,0.9933103122386541,0.6108751042361719,0.9934343292442982,0.6163785507113063,0.9935538317708863,0.6217281757073753,0.9936690619158943,0.6269299137583644,0.9937802447702874,0.6319894372360283
0.03303030303030303,0.9900888287664937,0.5056069209669265,0.9903433641493982,0.5143241399247814,0.99058515319431,0.5227633454341833,0.990815129952224,0.5309346315030687,0.9910341393879379,0.538847948957802,0.9912429477534852,0.5465130512178342,0.9914422515451091,0.5539394532935753,0.991632685264346,0.5611364016525523,0.9918148281654739,0.5681128529652058,0.991989210140499,0.5748774600600119,0.9921563168675464,0.5814385636919654,0.9923165943280804,0.5878041889626189,0.9924704527814476,0.5939820454287813,0.9926182702711571,0.5999795301048662,0.9927603957262541,0.6058037327049193,0.9928971517110821,0.6114614425884423,0.9930288368692285,0.6169591569727378,0.993155728100564,0.6223030900563122,0.9932780825047498,0.6274991827660634,0.9933961391199491,0.6325531128970148
0.03494949494949495,0.9895119547838126,0.5062756236585032,0.9897813298974685,0.5149884921350147,0.9900372143552921,0.5234230299042056,0.9902805968360704,0.531589382294713,0.9905123717143856,0.5394975454232523,0.9907333500426271,0.5471573125989786,0.9909442690331591,0.5545782339006772,0.9911458002744684,0.5617695865713503,0.9913385568741525,0.5687403542427344,0.9915230996887843,0.5754992133218108,0.99169994277401,0.5820545251462933,0.9918695581663975,0.588414332750643,0.9920323800908083,0.5945863612832196,0.9921888086720451,0.6005780212829471,0.9923392132177836,0.606396414164895,0.9924839351294003,0.6120483393820157,0.9926232904889514,0.6175403028286333,0.9927575723636322,0.6228785261330005,0.9928870528630599,0.6280689565539739,0.9930119849797017,0.6331172772528323
0.03686868686868687,0.9889349721819729,0.5069453401448425,0.9892191924926372,0.5156538144279943,0.9894891774272839,0.5240836430850389,0.9897459703309772,0.5322450226734269,0.9899905150221369,0.540147994500503,0.9902236673836432,0.5478023916610837,0.9904462053707569,0.5552177991966643,0.990658837682782,0.5624035250204353,0.9908622113019367,0.5693685796220409,0.9910569180684318,0.5761216628865328,0.9912435004325392,0.5826711566376128,0.9914224565013623,0.5890251217501211,0.9915942444791291,0.5951912988759216,0.991759286584473,0.6011771119950439,0.9919179725150775,0.6069896741448344,0.9920706625196318,0.6126357947975486,0.9922176901280169,0.6181219884549209,0.9923593645832863,0.6234544841096654,0.9924959730127558,0.6286392352914675,0.9926277823703208,0.6336819304707332
0.03878787878787879,0.988357881034726,0.5076160710630393,0.9886569520029086,0.5163201073625971,0.9889410424730943,0.5247451854692233,0.9892112504950681,0.5329015530756126,0.9894685693651016,0.5407992965785465,0.9897138998266243,0.5484482887531952,0.9899480606045439,0.5558581494969934,0.9901717975327802,0.5630382172871091,0.9903857914894333,0.5699975293668871,0.9905906653174157,0.5767448089983309,0.9907869898787178,0.5832884583938037,0.990975289366323,0.5896365561754893,0.9911560459777309,0.5957968584102808,0.9913297040379044,0.601776802435523,0.9914966736458719,0.6075835128317831,0.9916573339079248,0.6132238090162311,0.99181203581111,0.6187042140281385,0.9919611047828336,0.6240309641591988,0.9921048429758976,0.629210019148664,0.9922435313126797,0.6342470727187486
0.04070707070707071,0.987780681416386,0.5082878170475836,0.9880946084967613,0.5169873714954514,0.9883928095559623,0.5254076575473918,0.9886764373869052,0.533558973936077,0.9889465347975708,0.5414514520450682,0.9892040474220047,0.5490950042233123,0.989449834781443,0.556499285116326,0.9896846798681966,0.5636736636580933,0.9899092974774983,0.5706272037406588,0.9901243414739357,0.5773686519011559,0.9903304111483175,0.5839064306427045,0.9905280567948477,0.5902486362412847,0.9907177846181228,0.5964030400899051,0.9909000610619685,0.602377092799093,0.9910753166380598,0.6081779304132519,0.9912439493205639,0.6138123822197902,0.9914063275630255,0.6192869797254356,0.991562792985712,0.6246079664551957,0.9917136627746391,0.6297813082964312,0.9918592318277574,0.6348127041657352
0.04262626262626263,0.9872033734017867,0.5089605787303679,0.987532162043171,0.5176556073809481,0.987844478739578,0.5260710598082794,0.988141531065404,0.5342172856880442,0.9884244113741844,0.5421044612864617,0.9886941102205549,0.5497425384184085,0.9889515279486988,0.5571412063685348,0.9891974847330826,0.5643098644195402,0.9894327293072294,0.5712576030063662,0.9896579465764326,0.5779931918387654,0.9898737642773229,0.5845250736121178,0.9900807588206659,0.5908613621621518,0.9902794604319954,0.5970098441186585,0.9904703576864422,0.6029779832808176,0.9906539015196743,0.6087729270771901,0.9908305087839808,0.6144015145904971,0.9910005654087121,0.6198702857245988,0.9911644292154758,0.6251854911719457,0.9913224324312594,0.6303531029063998,0.9914748839366438,0.6353788249813698
0.04454545454545455,0.9866259570663211,0.5096343567406924,0.9869696127115708,0.5183248155712542,0.9872960500880892,0.526735392738734,0.987606531589915,0.5348764887631687,0.9879021991499466,0.5427583246878412,0.9881840882733364,0.5503908916844407,0.9884531401538299,0.5577839135667145,0.98871021217171,0.5649468198570505,0.988956087019972,0.571888727426664,0.9891914806635509,0.5786184290547427,0.9894170493019212,0.5851443875298332,0.9896333954777253,0.5914747341528688,0.9898410734511964,0.5976172707006504,0.9900405939412927,0.603579474076136,0.9902324283189244,0.6093685030120454,0.9904170123247422,0.6149912063111973,0.9905947493732304,0.6204541322040567,0.9907660134958036,0.6257635384844656,0.9909311519681386,0.6309254031509915,0.9910904876605118,0.6359454353361573
0.04646464646464647,0.9860484324859143,0.510309151705275,0.9864069605719274,0.5189949966163164,0.9867475236660305,0.5274006568237291,0.9870714390201571,0.5355365835915471,0.9873798981802203,0.5434130426330501,0.9876739816317702,0.5510400643663683,0.9879546714446745,0.5584274070232123,0.9882228622286513,0.5655845302556866,0.9884793706573264,0.5725205772638696,0.9887249437741842,0.5792443637925107,0.9889602662585266,0.5857643726236449,0.9891859668001469,0.5920887524283551,0.9894026237077744,0.5982253200402682,0.9896107698566254,0.6041815653808699,0.9898108970641386,0.6099646584067332,0.9900034599695593,0.6155814575653091,0.9901888794817808,0.6210385193428986,0.990367545850493,0.6263421085684855,0.9905398214077742,0.6314982092034158,0.9907060430206635,0.636512535401458
0.04838383838383838,0.9854707997370445,0.5109849642482595,0.9858442056946538,0.5196661510638775,0.9861988995384492,0.528066852546373,0.9865362534162682,0.5361975706017243,0.9868575085207389,0.5440686155046828,0.9871637903476188,0.5516900568081627,0.9874561218693533,0.5590716870496242,0.9877354349487538,0.5662229958999849,0.9880025802611417,0.5731531527799761,0.9882583359474472,0.5798709962953409,0.9885034151837531,0.5863850291213496,0.988738472822253,0.5927034172036844,0.9889641112339473,0.5988339923421765,0.9891808854627312,0.6047842573912419,0.9893893077838231,0.6105613934506771,0.9895898517452754,0.6161722685368431,0.9897829557596804,0.6216234473208864,0.9899690263034551,0.6269212016004881,0.9901484407727835,0.6320715212376729,0.9903215500384943,0.6370801253494921
0.05030303030303031,0.9848930588967381,0.5116617949912237,0.9852813481507056,0.5203382794594833,0.9856501777707859,0.5287339803879252,0.9860009748387801,0.5368594502207215,0.9863350302275888,0.5447250436840876,0.9866535144729289,0.5523408693528213,0.9869574914762982,0.5597167539568153,0.9872479303771374,0.5668622170739743,0.9875257158735165,0.5737864542366659,0.9877916572226833,0.580498326806377,0.9880464961144189,0.5870063572507788,0.9882909135785682,0.5933187286941085,0.988525536062108,0.5994432878113539,0.9887509407900501,0.6053875503038889,0.988967660506629,0.6111587083338164,0.9891761876788875,0.6167636394104169,0.9893769782323971,0.6222089163184621,0.9895704548787292,0.6275008177577152,0.989757010085882,0.6326453394286127,0.9899370087355024,0.6376482053533434
0.05222222222222223,0.9843152100425655,0.5123396445531885,0.9847183880114843,0.5210113823464899,0.9851013584289546,0.5294020408278017,0.9854656033486435,0.5375222228740315,0.9858124633572377,0.5453823275513929,0.9861431540601362,0.5529925023423831,0.9864587803142493,0.5603626080549423,0.9867603485591916,0.5675021940611912,0.9870487775368064,0.5744204818953191,0.9873249076394659,0.5811263555686447,0.9875895090875627,0.5876283572398067,0.9878432891037952,0.5939346871150558,0.9880868982248415,0.6000532066530786,0.9883209358691927,0.6059914443158766,0.9885459552613494,0.6117566032466177,0.9887624677975285,0.6173555703712604,0.9889709469255212,0.6227949265167758,0.9891718316004787,0.6280809572181707,0.9893655293699066,0.6332196639518857,0.9895524191332925,0.6382167755869864
0.05414141414141414,0.9837372532526623,0.5130185135506231,0.9841553253489206,0.5216854602660802,0.9845524415793054,0.5300710343435933,0.9849301390071904,0.5381858889856453,0.9852898079665076,0.5460404674855109,0.9856327091619569,0.5536449561179453,0.9859599884322316,0.5610092496534579,0.9862726895405872,0.5681429271446879,0.9865717652936281,0.5750552360170432,0.9868580872376128,0.5817550828250656,0.9871324541404553,0.5882510293163631,0.9873955994328529,0.5945512926821647,0.9876481977548902,0.6006637490729674,0.9878908707309471,0.6065959396247086,0.9881241920769481,0.6123550783800977,0.9883486921284728,0.6179480616052481,0.9885648618647606,0.6233814780976811,0.9887731564929858,0.62866162016065,0.988973998647811,0.6337944949840068,0.9891677812535858,0.6387858362253011
0.05606060606060606,0.9831591886057044,0.5136984025974604,0.9835921602354392,0.5223605137572757,0.9840034272886292,0.5307409614110724,0.984394581876167,0.5388504489780586,0.9847670641125907,0.5466994638641561,0.9851221798314788,0.5542982310196758,0.9854611158795871,0.5616566790611309,0.9857849533672818,0.568784416607054,0.9860946791868219,0.5756907168626756,0.9863911960571718,0.5823845088184775,0.986675331310544,0.5888743737084575,0.9869478446008311,0.5951685456112888,0.9872094346852093,0.6012749152769732,0.9874607454062504,0.6072010364283539,0.9877023709825353,0.6129541339258262,0.9879348606991325,0.6185411132989012,0.9881587230759825,0.6239685712437685,0.9883744295806544,0.6292428067647293,0.9885824179426562,0.6343698327023392,0.9887830951181951,0.6393553874440916
0.05797979797979798,0.9825810161809512,0.514379312305101,0.9830288927439476,0.5230365433569384,0.9834543156242057,0.5314118225042117,0.9838589320177483,0.5395159032722878,0.9842442318530524,0.5473593170638611,0.9846115661220969,0.5549523273868283,0.9849621627059799,0.5623048965860611,0.9852971400854893,0.5694266627304337,0.9856175192595067,0.5763269246928083,0.9859242341383976,0.5830146337916483,0.9862181406355042,0.589498390644178,0.9865000246430489,0.5957864461185076,0.9867706090489019,0.6018867054714171,0.9870305599262149,0.6078067349252487,0.9872804920073681,0.6135537700759485,0.9875209735370702,0.6191347256393983,0.987752530585164,0.6245562061383562,0.987975650888014,0.6298245172108267,0.9881907872776182,0.6349456772851182,0.9883983607490417,0.639925429420049
0.0598989898989899,0.9820027360581773,0.5150612432824258,0.982465522947886,0.5237135495997935,0.9829051066537074,0.5320836180951913,0.9833231894944952,0.5401822522878827,0.9837213112458304,0.5480200274599878,0.9841008680875891,0.5556072455577553,0.9844631289613375,0.5629539025356903,0.9848092497417289,0.5700696657965345,0.9851402855550753,0.5769638597677952,0.9854572015218117,0.583645457987283,0.9857608821532384,0.5901230803517274,0.9860521395949868,0.5964049944201537,0.9863317208792755,0.6024991198629864,0.9866003143221208,0.6084130353143147,0.9868585551808756,0.6141539870231937,0.9871070306699922,0.6197288988145885,0.9873462844184259,0.6251443829655347,0.987576820439713,0.6304067516801463,0.9877991066759952,0.6355220289114852,0.9880135781681592,0.6404959623308361
0.06181818181818182,0.9814243483177743,0.5157441961358046,0.9819020509211656,0.524391533018431,0.9823558004453297,0.5327563486544153,0.9827873543693773,0.5408494964429419,0.9831983023492221,0.5486815954267421,0.9835900857820032,0.5562629858699281,0.9839640146959399,0.5636036972168311,0.9843212823827792,0.5707134260866489,0.9846629781171228,0.577601522347772,0.984990098248154,0.584276981648053,0.9853035559018519,0.5907484430594208,0.9856041894923496,0.5970241907328203,0.9858927702098054,0.6031121586587638,0.9861700086254167,0.6090199377949869,0.9864365605326219,0.6147547849609006,0.9866930321257442,0.6203236330130294,0.9869399846020148,0.6257331019101531,0.98717793826053,0.6309895103547677,0.9874073761611829,0.636098887761446,0.9876287473976912,0.6410669863550633
0.06373737373737373,0.9808458530406418,0.5164281714691064,0.9813384767382363,0.5250704941433284,0.9818063970676768,0.5334300146505245,0.9822514267057976,0.5415176361541255,0.9826752052219229,0.5493440213371932,0.9830792192597876,0.5569195486599494,0.9834648199603494,0.5642542809356601,0.9838332380557141,0.5713579438816675,0.9841855969895489,0.5782399126926755,0.984522924358416,0.5849092050166087,0.9848461619196721,0.5913744789957155,0.9851561743710265,0.5976440352733785,0.9854537570741705,0.6037258220662357,0.9857396428677205,0.6096274425672065,0.986014508092339,0.615356164083021,0.9862789779323131,0.620918928423967,0.9865336311623236,0.6263223631578417,0.9867790043753614,0.6315727934175932,0.9870155957567135,0.6366762540159462,0.9872438684598708,0.6416385016723016
0.06565656565656565,0.9802672503082894,0.5171131698837103,0.9807748004740361,0.5257504335028523,0.9812568965898339,0.5341046165504081,0.9817154065675583,0.5421866718366729,0.9821520199229777,0.5500073055632846,0.9825682685757062,0.5575769342635684,0.9829655448054371,0.5649056539977584,0.9833451168078892,0.572003219462092,0.9837081422164916,0.5788790310622531,0.9840556798937918,0.5855421283355859,0.9843887002452396,0.5920011883892146,0.9847080942671169,0.5982645282589945,0.9850146815062025,0.6043401102933066,0.9853092170808097,0.6102355498314521,0.9855923978899183,0.6159581245841385,0.9858648681178366,0.6215147852373872,0.9861272241258566,0.6269121668950417,0.9863800188092269,0.6321566010524112,0.98662376548622,0.6372541278568583,0.9868589413770588,0.6422105084631021
0.06757575757575758,0.9796885402027737,0.5177991919785172,0.980211022204017,0.5264313516232786,0.9807072990813154,0.5347801548192207,0.9811792940188855,0.542856603904411,0.9816287465118114,0.5506714484758531,0.9820572337848489,0.5582351430156984,0.9824661892824057,0.5655578167081119,0.982856918686919,0.5726492531080641,0.9832306138423524,0.5795188777160863,0.9835883648957434,0.5861757518476322,0.9839311709173074,0.5926285714686885,0.9842599492169054,0.5988856699071435,0.9845755435399421,0.604955023548321,0.9848787312966465,0.6108442597887472,0.9851702299554039,0.6165606666594887,0.9854507027105912,0.6221112036439953,0.9857207635192792,0.6275025133090069,0.9859809815872728,0.632740933443885,0.9862318853734511,0.6378325094669748,0.9864739661717099,0.6427830069090172
0.0694949494949495,0.9791097228067323,0.5184862383499557,0.9796471420041604,0.527113249028801,0.9801576046121478,0.5354566299203916,0.9806430891243965,0.5435274327697784,0.9811053850482544,0.5513364504446387,0.9815461149426786,0.5588941752504315,0.9819667534427425,0.5662107693711302,0.9823686437407468,0.5732960450993622,0.9827530119118011,0.5801594529135965,0.9831209794059645,0.5868100757954183,0.9834735739748561,0.5932566284631046,0.9838117392568938,0.5995074604356243,0.9841363432096033,0.6055705620400694,0.9844481855473498,0.6114535726406886,0.9847480043189876,0.6171637905049683,0.9850364817390023,0.6227081838352539,0.9853142493693701,0.6280934025878012,0.9855818927347741,0.6333257907775701,0.9858399554422762,0.6384113990300703,0.9860889428663893,0.6433559971926025
0.07141414141414142,0.9785307982033524,0.5191743095920004,0.9790831599509258,0.5277961262415423,0.9796078132527809,0.536134042315642,0.9801067919491798,0.5441991588438293,0.9805819355924863,0.5520023118383063,0.9810349121049834,0.5595540313010532,0.9814672373382782,0.5668645122906699,0.9818802920175541,0.5739435957154368,0.9822753364697293,0.5808007569140728,0.9826535234663754,0.587445100421661,0.9830159094570817,0.5938853596016104,0.9833634644237762,0.6001299000625858,0.9836970805495842,0.6061867259778175,0.9840175798652184,0.6120634885894459,0.9843257210110211,0.6177674963171486,0.9846222052316455,0.623305726003393,0.9849076817030564,0.6286848349203484,0.9851827522771291,0.6339111732399413,0.9854479757166859,0.6389907967308676,0.9857038714837797,0.6439294794974221
0.07333333333333333,0.9779517664764328,0.5198634062961797,0.9785190761213414,0.5284799837815767,0.9790579250741314,0.5368123924650033,0.9795704025586749,0.54487178253626,0.9800583982050609,0.5526690330244606,0.9805236253278986,0.5602147115000663,0.9809676410211198,0.5675190457700432,0.9813918635658453,0.5745919052354143,0.9817975875613467,0.5814427899766871,0.9821859971191534,0.5880808259691283,0.9825581774033985,0.5945147651135877,0.9829151247544496,0.6007529890065246,0.9832577555944783,0.6068035155713175,0.9835869142827193,0.612674007837784,0.9839033800620417,0.6183717842933002,0.984207873217232,0.6239038303414139,0.9845010605473906,0.6292768104964278,0.9847835602398558,0.6344970810183929,0.9850559462207787,0.6395707027550891,0.985318752046657,0.6445034540081057
0.07525252525252525,0.9773726277103141,0.5205535290515865,0.9779548905928868,0.5291648221669301,0.9785079401476071,0.5374916808268231,0.9790339210188084,0.5455453042554169,0.9795347729469404,0.553336614369656,0.9800122546679108,0.5608762161791968,0.980467964543724,0.5681743701120373,0.9809033584343944,0.5752409739381206,0.9813197652320916,0.5820855523605017,0.9817184004066952,0.5887172526806689,0.9821003778534381,0.5951448452286436,0.9824667202859994,0.6013767274863198,0.982818368379055,0.6074209310308056,0.9831561888324826,0.6132851305890814,0.9834809815026958,0.6189766546314065,0.9837934857246292,0.6245024970431355,0.9840943859295639,0.6298693295066846,0.9843843166485977,0.6350835143012645,0.9846638669787684,0.6401511172894431,0.9849335845779217,0.6450779209103122
0.07717171717171717,0.9767933819899403,0.521244678444891,0.9773906034436204,0.5298506419136053,0.9779578585450587,0.5381719078577872,0.97849734739588,0.5462197244083172,0.9790110598794508,0.5540050562394258,0.9795008001818537,0.56153854566942,0.979968207958844,0.5688304856189336,0.9804147766722577,0.5758908021020993,0.9808418695276593,0.5827290443244987,0.9812507333716418,0.5893543807992214,0.9816425108470563,0.5957756001766396,0.9820182510557345,0.6020011157212415,0.9823789189382766,0.6080389725670564,0.982725403547328,0.6138968570473424,0.9830585253638329,0.6195821075301731,0.9833790427828427,0.6251017263031631,0.9836876578769062,0.6304623921426554,0.9839850215291387,0.635670473277844,0.9842717380149919,0.6407320405216727,0.9845483691005672,0.64565288039075
0.07909090909090909,0.9762140294008207,0.5219368550603565,0.9768262147520923,0.53053744353559,0.9774076803388411,0.5388530740129306,0.977960681756648,0.5468950434006593,0.9784872590643149,0.5546743589982822,0.9789892619269004,0.5622017003009718,0.9794683713195559,0.569487392592522,0.9799261183287934,0.5765413900056219,0.9803639004940312,0.5833732661275852,0.9807829960569036,0.5899922105678321,0.9811845764243342,0.5964070301876992,0.9815697171011595,0.6026261539309661,0.98193940730728,0.6086576403913611,0.9822945584602312,0.6145091874172228,0.9826360116764385,0.6201881431890464,0.982964544421033,0.6257015183169529,0.9832808764168849,0.6310559985967965,0.9835856749073736,0.6362579581383941,0.9838795593539043,0.6413134726405201,0.9841631056377069,0.646228332637253
0.081010101010101,0.9756345700290627,0.522630059479846,0.9762617245973899,0.5312252275448694,0.9768574056017215,0.5395351797456551,0.9774239241682766,0.5475712616368442,0.9779633705636378,0.5553445230097502,0.9784776399605766,0.5628656804033664,0.9789684546792496,0.5701450913341238,0.9794373834536415,0.5771927379267132,0.9798858581774308,0.5840182180286247,0.9803151885055972,0.5906307422296778,0.9807265746255609,0.5970391354922379,0.9811211184599873,0.6032518423355991,0.981499833521412,0.609276934715572,0.9818636536043444,0.6151221219040298,0.9822134404716577,0.6207947618082291,0.9825499906685033,0.6263018732807932,0.9828740415770992,0.6316501490624598,0.9831862768093302,0.63684596907416,0.9834873310200717,0.6418954138357944,0.9837777942125628,0.6468042778387119
0.08292929292929292,0.9750550039613544,0.5233242922828394,0.9756971330591107,0.5319139944514483,0.9763070344070004,0.5402182255077449,0.9768870746983602,0.5482483795199905,0.9774393944398897,0.5560155486363744,0.977965934340768,0.5635304863054195,0.9784684580916381,0.5708035821446007,0.9789485720967475,0.5778448461431608,0.9794077426243748,0.5846639002864433,0.9798473107611029,0.5912699760280755,0.9802685054912704,0.5976719163209691,0.9806724551701157,0.603878181155684,0.9810601976161827,0.6098968557521061,0.9814326890130041,0.6157356607137549,0.9817908117808176,0.621401963588702,0.9821353815547061,0.6269027913918299,0.9824671533852836,0.6322448437339411,0.9827868272611674,0.6374345062773927,0.98309505303819,0.642477864298356,0.9833924348484568,0.6473807161851245
0.08484848484848484,0.974475331284958,0.5240195540464446,0.9751324402174084,0.532603744763357,0.97575656682843,0.540902211749383,0.9763501334149369,0.5489263974519498,0.9769153307559639,0.5566874362397347,0.9774541451257104,0.5641961183352588,0.9779683816107532,0.5714628653243794,0.9784596843083302,0.5784977149325425,0.9789295538816175,0.5853103131598525,0.9793793628670328,0.5919099122065062,0.9798103690621988,0.5983053729049281,0.9802237272696754,0.6045051706122229,0.9806204996273081,0.6105174037139561,0.9810016647197036,0.6163498040530753,0.9813681256353695,0.6220097487322389,0.9817207171092418,0.6275042728480915,0.9820602118693195,0.6328400828064945,0.9823873262891565,0.6380235699413567,0.9827027254330606,0.6430608242201328,0.983007027568837,0.6479576478676443
0.08676767676767676,0.9738955520877581,0.5247158453454144,0.9745676461529256,0.5332944789866715,0.9752060029402427,0.5415871389191635,0.9758131003864479,0.5496053158333265,0.9763911795751203,0.557360186180473,0.9769422723739781,0.5648625768203419,0.9774682252909507,0.5721229411734671,0.9779707201388993,0.5791513445722418,0.9784512919962003,0.5859574569076591,0.9789113448672577,0.5925505510086324,0.9793521653793157,0.5989395054754865,0.9797749347969822,0.6051328109267046,0.9801807395906937,0.6111385788147293,0.9805705807581256,0.6169645521293895,0.980945382066961,0.6226181174414123,0.9813059973618605,0.6281063178485049,0.9816532170572186,0.6334358664763263,0.9819877739197155,0.6386131602603456,0.9823103482296016,0.6436442937941597,0.9826215723972499,0.6485350730785151
0.08868686868686868,0.9733156664581919,0.5254131667521524,0.9740027509468859,0.5339861976255289,0.9746553428171187,0.5422730074641141,0.9752759756817948,0.5502851350634899,0.9758669409610177,0.5580337988183014,0.97643031614452,0.5655298620874841,0.9769679891869038,0.572783809991471,0.977481679639272,0.5798057353394553,0.9779729570154183,0.5866053317887068,0.978443256805876,0.5931918926783076,0.9788938944838124,0.5995743142643652,0.979326077790574,0.6057611023211047,0.9797409175424219,0.611760381268642,0.9801394371621159,0.6175799051508073,0.9805225811073818,0.6232270699196286,0.9808912223424608,0.6287089265928827,0.9812461689771332,0.634032194940643,0.9815881701793815,0.6392032774297048,0.9819179214528713,0.6442282732145349,0.9822360693573536,0.6491129920111839
0.09060606060606061,0.9727356744853178,0.526111518836734,0.973437754680998,0.5346789011821392,0.9741045865342794,0.5429598178297069,0.9747387593702982,0.5509658555406003,0.9753426149776988,0.5587082745120294,0.9759182764966232,0.5661979744628647,0.9764676733536175,0.5734454720776186,0.9769925628605505,0.5804608875112262,0.9774945489868436,0.5872539380618615,0.9779750987272436,0.5938339374596078,0.978435556417119,0.6002097995036756,0.9788771562891776,0.6063900450179106,0.979301033518777,0.6123828112905506,0.9797082339657081,0.6181958633262047,0.9800997227885846,0.6238366063711276,0.9804763920810968,0.6293120992819883,0.9808390676573545,0.6346290683976196,0.9811885150948145,0.6397939216458408,0.9815254451280259,0.6448127626765322,0.9818505184729263,0.6496914048602329
0.09252525252525252,0.9721555762587977,0.5268109021669239,0.9728726574375515,0.5353725901568074,0.9735537341673842,0.5436475704598787,0.9742014515217035,0.5516474776616159,0.9748182016896101,0.5593836136195723,0.9754061534899435,0.5668669142720535,0.9759672778464032,0.5741079277307648,0.9765033698541451,0.5811168013644525,0.9770160679583173,0.5879032759860546,0.9775068706759665,0.5944766855968382,0.9779771512208585,0.6008459614258997,0.9784281703317348,0.6070196392401471,0.9788610875562259,0.6130058690959652,0.9792769712030986,0.6188124268652038,0.9796768071426865,0.6244467270010063,0.9800615066079613,0.6299158361175032,0.9804319131263075,0.6352264870464931,0.9807888086928196,0.6403850931062466,0.981132919280349,0.6453977623765227,0.9814649197678451,0.6502703118214326
0.09444444444444444,0.9715753718688683,0.527511317308176,0.9723074592993226,0.5360672650479401,0.9730027857925796,0.5443362657970513,0.9736640522062272,0.5523300018223192,0.9742937011616032,0.5600598164979766,0.9748939471844965,0.567536681840022,0.9754668027209112,0.5747711772494296,0.9760141006717497,0.581773477175916,0.976537513977959,0.5885533458202911,0.9770385726968822,0.595120137334564,0.9775186789369217,0.6014828002639394,0.9779791199574135,0.6076498852113831,0.978421079691435,0.6136295549010581,0.9788456489086756,0.6194295959782148,0.9792538342019761,0.6250574320152464,0.9796465659534143,0.6305201373020932,0.9800247054125663,0.6358244510875004,0.9803890510003109,0.6409767920094879,0.9807403439352435,0.645983272512028,0.981079273266109,0.6508497130917765
0.09636363636363636,0.9709950614063878,0.5282127648236643,0.9717421603496785,0.5367629263520728,0.9724517414865144,0.5450259042821396,0.9731265614944832,0.5530134284173304,0.9737691134588902,0.5607368835034366,0.9743816576406417,0.5682072774911734,0.9749662480331175,0.5754352209318011,0.9755247553653582,0.5824309152222913,0.9760588870941385,0.5892041478236772,0.9765702048351015,0.5957642929176148,0.9770601396074061,0.6021203162511275,0.9775300052055644,0.608280783155752,0.9779810099612609,0.6142538689227084,0.9784142671169826,0.62004737087644,0.9788308039988921,0.625668721620709,0.9792315701479406,0.6311250030393722,0.9796174445448365,0.6364229607219162,0.9799892420443534,0.6415690185552807,0.9803477191182415,0.6465692932817618,0.9806935789918189,0.651429608869424
0.09828282828282828,0.9704146449628061,0.5289152452742919,0.9711767606725126,0.5374595745638769,0.9719006013263189,0.5457164863545774,0.972588979457556,0.5536977578401322,0.9732444386471093,0.5614148149913116,0.973869284919112,0.5688787015493484,0.9744656138393321,0.5761000590757612,0.9750353339872587,0.5830891157801675,0.975580187355523,0.5898556822554241,0.9761017671359505,0.5964091525911169,0.9766015332746288,0.6027585096212358,0.9770808261157565,0.6089123332979733,0.9775408784027473,0.6148788113784862,0.9779828258627689,0.6206657517718946,0.9784077165660428,0.6262805960251753,0.9788165192221993,0.6317304335339766,0.9792101305519714,0.6370220161521112,0.9795893818521204,0.6421617729444237,0.9799550448549699,0.6471558248855966,0.9803078369692007,0.652009999353823
0.1002020202020202,0.9698341226301894,0.5296187592187012,0.9706112603522439,0.5381572101761833,0.9713493653896043,0.5464080124523308,0.9720513061669431,0.5543829904830778,0.9727196767923001,0.5620936113161494,0.9733568290810071,0.5695509543378575,0.973964900196183,0.5767656919789094,0.9745458365900534,0.5837480791260705,0.9751014148110262,0.5905079493748804,0.975633259645036,0.5970547166004938,0.9761428599811455,0.6033973806085086,0.9766315827277797,0.6095445358633793,0.9771006850531376,0.6155043824866939,0.9775513251809338,0.6212847388774361,0.9779845719361979,0.6268930554373415,0.9784014132070036,0.632336428991514,0.9788027634629529,0.6376216175815141,0.9791894704509334,0.6427550553788933,0.9795623211712062,0.647742867524619,0.9799220472225711,0.6525908847456314
0.1021212121212121,0.9692534945012156,0.5303233072132987,0.970045659473849,0.5388558336799982,0.9707980337544712,0.5471004830119225,0.9715135416946202,0.5550691267374182,0.9721948279608856,0.5627732728317019,0.9728442901877774,0.5702240361794922,0.9734641071606301,0.5774321199385701,0.9740562632266331,0.5844078055364829,0.9746225695098639,0.5911609494415514,0.9751646824082011,0.5977009851915173,0.9756841197697603,0.6040369294476717,0.9761822750816138,0.6101773910779121,0.9766604299498637,0.61613058246638,0.9771197651065782,0.6219043324067656,0.9775613701423091,0.6275061000668648,0.9779862521332957,0.6329429896186554,0.9783953433069156,0.6382217652146608,0.9787895078682241,0.6433488660618318,0.9791695480928351,0.6483304214011102,0.979536209776384,0.6531722652467822
0.104040404040404,0.9686727606691564,0.5310288898122653,0.9694799581228501,0.5395554455645171,0.9702466064995393,0.5477938984684412,0.9709756861129722,0.5557561669933215,0.9716698922196981,0.5634537998909455,0.9723316683012296,0.5708979473965446,0.9729632347899619,0.5780993432518294,0.9735666139501914,0.5850682952878578,0.9741436515015034,0.5918146827151102,0.9746960354715389,0.5983479586102927,0.9752253126834741,0.604677156373954,0.9757329032174715,0.6108108991681576,0.9762201131305618,0.6167574115373531,0.9766881456749592,0.6225245325744481,0.977138111217459,0.6281197301243453,0.9775710360321929,0.6335501156231029,0.9779878701131309,0.6388224592572183,0.978389494131586,0.6439432051975212,0.9787767256458597,0.6489184867186184,0.9791503246551979,0.6537541410604737
0.1059595959595959,0.9680919212278971,0.531735507567574,0.9689141563853326,0.5402560463171457,0.9696950837039002,0.548488259255569,0.9704377394948531,0.5564441116398868,0.9711448696359645,0.5641351928460989,0.9718189634835607,0.5715726883108349,0.9724622831418067,0.5787673622155359,0.9730768888142171,0.5857295486566475,0.9736646608357018,0.5924691494554241,0.9742273188813998,0.5989956371032958,0.9747664387655333,0.6053180616231066,0.9752834671757551,0.6114450603613716,0.9757797346330526,0.6173848699201921,0.9762564669215361,0.6231453395959432,0.9767147951949303,0.6287339458213824,0.9771557649349518,0.634157807213605,0.9775803439110081,0.6394236999159485,0.9779894292687101,0.6445380729914703,0.9783838538564158,0.6495070636819061,0.978764391883678,0.6543365123912001
0.1078787878787879,0.967510976271974,0.5324431610290088,0.9683482543479227,0.5409576364235189,0.9691434654471266,0.5491835658055972,0.9698997019135602,0.55713296106517,0.9706197602773499,0.5648174520486501,0.9713061757973236,0.5722482592437234,0.9719612522741222,0.5794361771263397,0.9725870878725275,0.586391565919319,0.9731855975624892,0.5931243499225712,0.9737585326843871,0.5996440209173942,0.9743074980594206,0.6059596454314279,0.9748339669971136,0.6120798748854738,0.9753392944953463,0.6180129578363036,0.9758247288819322,0.6237667536876281,0.9762914221081436,0.6293487473705625,0.9767404388729839,0.6347660646000186,0.9771727647301104,0.6400254873988026,0.9775893133074514,0.6451334696503961,0.9779909327507464,0.6500961524970259,0.9783784114866002,0.6549193794448012
0.1097979797979798,0.9669299258965062,0.5331518507441761,0.9677822520977946,0.5416602163675159,0.9685917518093314,0.5498798185494422,0.9693615734428302,0.5578227156561958,0.97009456421188,0.5655005778493676,0.9707933053054234,0.5729246605161338,0.9714601422451923,0.5801057882806983,0.9720972111792087,0.5870543473523698,0.9727064617321727,0.5937802843768681,0.9732896769273568,0.6002931102998597,0.9738484906088523,0.6066019080357754,0.9743844027223678,0.6127153429691008,0.9748987927556712,0.6186416755078807,0.9753929315919569,0.6243887750667764,0.9758679919907166,0.6299641349854885,0.9763250578778747,0.6353748879932735,0.976765132600122,0.6406278219148777,0.9771891462757626,0.6457293953822303,0.977597962355236,0.6506857533712952,0.9779923834888746,0.6555027424283986
0.1117171717171717,0.9663487701972325,0.5338615772585295,0.9672161497227059,0.5423637866312809,0.9680399428710954,0.5505770179166681,0.9688233541568587,0.5585133757989885,0.9695692815080245,0.5661845705983284,0.9702803520711688,0.5736018924485788,0.9709589531136492,0.5807761959749046,0.9716072587886808,0.5877178932323585,0.9722272533953333,0.5944369530788733,0.9728207516574192,0.6009429054983911,0.9733894164577646,0.6072448496735899,0.9739347743925812,0.6133514648415874,0.9744582294524342,0.6192710231579823,0.9749610750876068,0.6250114039516271,0.9754445048764004,0.6305801088808064,0.9759096219813305,0.6359842776054274,0.976357447550896,0.6412307036744658,0.9767889282017517,0.6463258503961724,0.9772049426963703,0.6512758665133391,0.9776063079154994,0.6560866015504924
0.1136363636363636,0.9657675092705394,0.5345723411153815,0.9666499473109148,0.5430683476952408,0.9674880387135086,0.551275164335509,0.9682850441302986,0.5592049418785822,0.9690439122346273,0.5668694306449328,0.9697673161581957,0.5742799553611725,0.9704576849384511,0.581447400505109,0.9711172307556561,0.5883822038359185,0.9717479726028447,0.5950943562894347,0.9723517569219464,0.6015934067611414,0.9729302756503333,0.6078884705829098,0.9734850820490296,0.6139882407330272,0.9740176046242388,0.6199010010104968,0.9745291594050437,0.6256346405613762,0.9750209607991442,0.6311966692722115,0.9754941312152312,0.6365942336496683,0.9759497096124091,0.6418341328890569,0.976388659113663,0.6469228349026681,0.9768118738007825,0.6518664921330963,0.9772201847916078,0.6566709570209074
0.1155555555555556,0.9651861432134246,0.5352841428559232,0.9660836449513195,0.5437739000381295,0.9669360394181734,0.5519742582328855,0.9677466434382463,0.559897414279049,0.9685184564609781,0.567555158337932,0.9692541976305538,0.5749588495736553,0.969956337778904,0.5821194021673366,0.970627127135159,0.5890472794397829,0.9712686194058338,0.5957524942696828,0.9718826927685356,0.6022446143367245,0.9724710682309785,0.608532771002406,0.973035325733181,0.6146256708742497,0.9735769183099082,0.6205316092902167,0.9740971845806332,0.6262584851161918,0.9745973597930371,0.6318138163764699,0.9750785856116154,0.6372047563403397,0.9755419188147861,0.6424381097713691,0.9759883390398528,0.647520349113459,0.9764187556952002,0.6524576304418214,0.9768340141424391,0.6572558090508741
0.1174747474747475,0.9646046721235033,0.5359969830192451,0.9655172427333119,0.5444804441369959,0.9663839450671802,0.5526743000344255,0.9672081521562564,0.5605907933835172,0.9679929142567566,0.5682417540254452,0.9687409965526296,0.5756385754054218,0.9694549116946444,0.5827922012575051,0.9701369479825189,0.589713120320801,0.9707891938557452,0.5964113672810647,0.9714135592450888,0.6028965284742485,0.9720117942443514,0.6091777511713837,0.9725855054867443,0.6152637554968867,0.973136170548426,0.6211628482228176,0.9736651506509026,0.626882937837263,0.9741737018923636,0.6324315504114492,0.9746629852026732,0.6378158458929558,0.9751340751883054,0.6430426345353532,0.9755879680088226,0.6481183932415492,0.9760255884065023,0.6530492816521637,0.9764477959933423,0.6578411578530068
0.1193939393939394,0.964023096099042,0.5367108621423511,0.9649507407468821,0.5451879804672404,0.9658317557431525,0.5533752901644883,0.9666695703603423,0.5612850795741894,0.967467285692052,0.5689292180549781,0.9682277129892116,0.5763191331755262,0.9689534067456476,0.5834657980714605,0.9696466933533786,0.5903797267559672,0.9703096960042779,0.5970709755853737,0.9709443563997304,0.6035491494233302,0.9715524537353202,0.6098234113298174,0.9721356213516448,0.6159024948333515,0.9726953613790172,0.6217947180348932,0.9732330576525861,0.6275079989467749,0.9737499871315564,0.6330498715961058,0.9742473300207454,0.6384275025242198,0.974726178763375,0.6436477073962212,0.9751875460492194,0.6487169675013271,0.9756323719616713,0.6536414459781026,0.9760615303697951,0.658427003641343
0.1213131313131313,0.9634414152389237,0.5374257807601798,0.9643841390825907,0.5458965095026141,0.9652794715291989,0.5540772290461777,0.9661308981269731,0.5619802732323705,0.9669415708373906,0.5696175507734484,0.9677143470054375,0.5770005232027273,0.9684518229922402,0.5841401929049841,0.9691563633036798,0.5910470990224292,0.9698301259034302,0.5977313194447484,0.9704750842808556,0.6042024774341279,0.9710930467490149,0.6104697517183602,0.9716856733699988,0.6165418891168812,0.9722544908410677,0.6224272189539751,0.9728009056225695,0.6281336686679677,0.9733262155452247,0.6336687801505526,0.9738316200983345,0.6390397264520433,0.9743182295705572,0.6442533285704587,0.9747870731898056,0.6493160721084553,0.9752391063878354,0.6542341236350085,0.9756752172973716,0.6590133466313414
0.1232323232323232,0.9628596296426695,0.5381417394056263,0.9638174378315345,0.5466060317152615,0.9647270925089397,0.554780117101374,0.9655921355330918,0.5626763747384819,0.9664157697636879,0.5703067525272174,0.9672008986668617,0.577682745805485,0.9679501604950739,0.5848153860538212,0.9686659578896902,0.5917152373975322,0.9693504836054657,0.5983923991217173,0.9700057429371165,0.6048565127573292,0.9706335733308,0.6111167725783765,0.971235661584178,0.6171819385815488,0.9718135589741955,0.6230603512085447,0.9723686945979513,0.6287599472251455,0.9729023871681516,0.6342882762960405,0.9734158554680951,0.6396525178955561,0.9739102276405586,0.6448594982758489,0.9743865494594841,0.6499157072799787,0.9748457917122264,0.6548273148396697,0.9752888568017847,0.6596001870399134
0.1251515151515152,0.962277739410438,0.5388587386095558,0.9632506370854206,0.547316547575725,0.9641746187665353,0.5554839547507462,0.9650532826560838,0.5633733844720938,0.9658898825423032,0.5709968236620874,0.9666873680393602,0.578365801302005,0.9674484193151617,0.5854913778137005,0.9681754771679811,0.5923841421588163,0.9688707691629483,0.5990542148792086,0.9695363324174398,0.6055112556442265,0.970174033526261,0.6117644741519535,0.9707855860367285,0.617822643462296,0.9713725658181979,0.6236941150280801,0.9719364246159987,0.6293868348436763,0.9724785020352845,0.6349083602549787,0.9730000361628518,0.6402658770751458,0.9735021730042233,0.6454662167314941,0.9739859748872963,0.6505158732343015,0.9744524279622044,0.6554210198102901,0.9749024489088542,0.6601875250854061
0.1270707070707071,0.9616957446430326,0.5395767789008303,0.9626837369365108,0.5480280575529746,0.9636220503866344,0.5561887424137817,0.9645143395738071,0.564071302811936,0.9653639092449874,0.571687764523353,0.9661737551892484,0.5790496900102482,0.9669465995138493,0.5861681684803641,0.9676849211954412,0.5930538135840556,0.9683909826287138,0.5997167669805746,0.9690668527709809,0.6061667063466784,0.9697144273812311,0.612412856681924,0.9703354467704584,0.6184640039949355,0.9709315114130825,0.6243285106430316,0.9715040957141798,0.630014331750039,0.9720545601817457,0.6355290322509859,0.9725841622155678,0.6408798042124704,0.9730940656925572,0.6460734841578346,0.9735853495024083,0.6511165701912313,0.9740590151652693,0.6560152387664949,0.9745159936445054,0.6607753609876863
0.128989898989899,0.9611136454418912,0.5402958608063223,0.9621167374776262,0.5487405621144228,0.9630693874544045,0.5568944805087991,0.9639753063645953,0.5647701301359267,0.9648378499439219,0.5723795754558041,0.9656600601831761,0.5797344122479551,0.9664447011528241,0.5868457583495791,0.9671942900292679,0.5937242519512789,0.9679111240559098,0.6003800556896057,0.9685973040471907,0.6068228651171905,0.9692547549417896,0.6130619204118997,0.9698852438283708,0.6191060204161933,0.9704903957990554,0.624963538284895,0.9710717079301199,0.6306424381718282,0.9716305616428299,0.6361502925088728,0.972168233659381,0.6414942995304632,0.9726859057366974,0.6466813007766259,0.9731846733341414,0.651717798371985,0.9736655533490314,0.6566099719294006,0.9741294910347831,0.6613636949681053
0.1309090909090909,0.9605314419091036,0.5410159848509409,0.961549638802194,0.5494540617259531,0.9625166300555337,0.5576011694529814,0.9634361831072205,0.5654698668211932,0.9643117047117349,0.5730722568037544,0.9651462830881924,0.5804199683326767,0.9659427242941341,0.5875241477171671,0.9667035837269816,0.594395457538779,0.9674311934979472,0.6010440812705822,0.9681276862957588,0.6074797322088878,0.968795016254248,0.6137116655862748,0.9694349772536878,0.6197486929637067,0.9700492190165366,0.6255991981861763,0.970639261301668,0.6312711543377849,0.9712065064539914,0.6367721412546826,0.9717522505275733,0.6421093632533598,0.9722776931679284,0.6472896668110398,0.9727839464119356,0.6523195579991854,0.9732720425412399,0.6572052195215922,0.9737429411058708,0.6619525272495251
0.1328282828282828,0.9119890982120463,0.5417371515576483,0.9609824410042019,0.5501685568519364,0.9619637782762416,0.5583088096623912,0.9628969698809566,0.5661705132441044,0.9637854736214366,0.5737658089110698,0.9646324239717305,0.5811063585817874,0.9654406690001652,0.588203336879034,0.9662128023464023,0.5950674306251554,0.9669511910085283,0.60170884398825,0.9676579995666422,0.6081373078755674,0.9683352113651621,0.614362092450263,0.9689846470898678,0.6203920218760706,0.9696079811061245,0.6262354905804687,0.9702067558668341,0.6319004804778016,0.970782394650875,0.6373945787157252,0.9713362128536043,0.6427249956067279,0.9718694280176988,0.647898582485614,0.9723831687653629,0.6529218492969149,0.9728784827697596,0.6578009817671062,0.973356343884047,0.6625418580563726
0.1347474747474748,0.8932021623045017,0.5424593614474836,0.9604151441782417,0.5508840479552572,0.9614108322032611,0.5590174015519919,0.9623576667655266,0.5668720697802784,0.9632591567464782,0.574460232121184,0.9641184829016129,0.5817935833125125,0.9649385353336466,0.5888833261311729,0.9657219459456993,0.5957401714893222,0.9664711166416439,0.6023743441078828,0.967188243910081,0.6087955923717084,0.9678753403213353,0.615013201249907,0.9685342533805821,0.6210360073928344,0.9691666821086417,0.6268724157024321,0.9697741916638198,0.6325304168229618,0.9703582262692887,0.6380176051205455,0.9709201206710827,0.6433411968174881,0.97146111031758,0.648508048026305,0.9719823404241563,0.6535246724907465,0.9724848740625853,0.6583972588915674,0.972969699395712,0.6631316876145812
0.1366666666666667,0.8815580475003697,0.543182615039587,0.9006943746122917,0.5516005354973306,0.9608577919238442,0.5597269455356814,0.9618182738411332,0.5675745368046133,0.9627327541607521,0.5751555267771296,0.9636044599460295,0.5824816428419595,0.964436323357679,0.589564115769712,0.9652310145833202,0.5964136804105385,0.9659909704515943,0.6030405818952983,0.966718419376561,0.6094545859524969,0.9674154031697961,0.6156649922321146,0.9680837961697154,0.621680649754552,0.9687253220651192,0.6275099737878383,0.969341568731014,0.6331609636055565,0.9699340013452094,0.6386412206990024,0.9705039740137561,0.6439579671138993,0.9710527400993106,0.6491180636604972,0.9715814614181613,0.6541280278076916,0.9720912164478399,0.6589940511220622,0.9725830076673907,0.6637220161516904
0.1385858585858586,0.8746833135613743,0.5439069128512108,0.9032711721373511,0.5523180199381369,0.9343207055859575,0.5604374420263069,0.9612787911884432,0.5682779146913183,0.9622062659385581,0.575851693221557,0.9630903551735758,0.5831705374871298,0.9639340331356869,0.5902457060909243,0.9647400083180611,0.5970879576684347,0.9655107524929371,0.6037075576168621,0.9662485260168265,0.6101142888738602,0.9669553999578311,0.6163174656446674,0.9676332755013869,0.6223259492027731,0.968283901016763,0.628148165073572,0.9689088871070087,0.6337921210590892,0.9695097199148007,0.6392654256822694,0.970087772915579,0.6445753067256424,0.9706443173947743,0.6497286296170239,0.9711805317773745,0.6547319154763035,0.9716975099537709,0.6595913586872881,0.9721962687257237,0.6643128438968433
0.1405050505050505,0.874366518518781,0.5446322553977599,0.8967589492890017,0.5530365017362318,0.9099543600438224,0.56114889143569,0.9607392188886207,0.5689822038139243,0.9616796921546339,0.576548731796761,0.9625761686532248,0.5838602675649538,0.9634316647314739,0.5909280973912525,0.9642489272090268,0.5977630035430292,0.965030462820566,0.6043752715395294,0.9657785638819119,0.6107747013924701,0.966495330732976,0.6169706217362533,0.9671826914199499,0.6229719059800934,0.9678424190050198,0.6287869897976773,0.9684761468305585,0.6344238894183176,0.969085382014387,0.6398902203028356,0.9696715174106243,0.645193215883776,0.9702358422359929,0.6503397461261814,0.9707795515319158,0.6553363357266571,0.9713037546087587,0.6601891818174664,0.9718094825974604,0.6649041710807467
0.1424242424242424,0.8780407695166137,0.5453586431927946,0.8938698570803378,0.5537559813487765,0.90553009986255,0.5618612941746531,0.926484428055507,0.5696874045453255,0.9611530328841482,0.5772466428447077,0.9620619004543423,0.5845508333923016,0.9629292182091715,0.5916112899673394,0.9637577713156464,0.5984388183147538,0.9645501014896196,0.6050437239308638,0.9653085330231029,0.6114358237657698,0.9660351955429869,0.6176244607564864,0.9667320439699536,0.6236185203301514,0.967400876071516,0.6294264481993773,0.9680433479406346,0.6350562689192628,0.9686609876804644,0.6405156047945529,0.9692552075331526,0.6458116948207943,0.969827314655143,0.6509514134197686,0.9703785207120751,0.6559412887903374,0.9709099504413089,0.6607875207444283,0.9714226493094872,0.6654959979357982
0.1443434343434344,0.8821492391511657,0.5460860767480694,0.891047646466178,0.5544764592315613,0.9013678783376609,0.5625746506530425,0.9109748219250063,0.5703935172577833,0.960626288202697,0.5779454267070522,0.9615475506466916,0.585242235286031,0.9624266936332763,0.5922952841160503,0.9632665406976703,0.5991154022644848,0.9640696685555579,0.6057129150590669,0.9648384334919633,0.6120976562520268,0.9655749944358858,0.6182789829559296,0.9662813331961917,0.6242657924976767,0.9669592722581027,0.6300665405190544,0.9676104904763794,0.6356892597992297,0.9682365369497319,0.6411415793926459,0.9688388433175698,0.6464307437706365,0.969418734684559,0.6515636317310756,0.9699774393482329,0.6565467749005455,0.9705160974800526,0.6613863757016251,0.9710357688887926,0.6660883246959679
0.1462626262626263,0.8822592543013673,0.5468145565735461,0.8903070139695528,0.5551979358390307,0.8985796376202202,0.5632889612797584,0.9040663922377186,0.5711005423229735,0.9220746823616379,0.5786450837251736,0.9610331193004132,0.5859344735629846,0.9619240910686466,0.5929800801344915,0.9627752354151683,0.5997927556735632,0.9635891640741354,0.6063828451929877,0.9643682653403159,0.6127601991103081,0.965114727459935,0.618934188586123,0.9658305591436891,0.6249137227284943,0.9665176076068329,0.6307072669983345,0.9671775744771376,0.6363228622968531,0.9678120298590315,0.6417681443337272,0.9684224247984524,0.6470503629687145,0.9690101023567097,0.6521764012949692,0.9695763074709527,0.6571527942920128,0.9701221957537592,0.6619857469241188,0.9706488413624934,0.6666811515969707
0.1481818181818182,0.8837932932131787,0.5475440831774251,0.891801521773753,0.5559204116243027,0.8965223759071151,0.5640042264627673,0.8995667653500099,0.5718084801119938,0.8986863812264069,0.5793456142401924,0.9605186064860549,0.5866275485400407,0.9614214105804904,0.5936656783200439,0.9622838555285431,0.6004708788238117,0.9631085881013866,0.6070535146021601,0.9638980286202612,0.6134234526005468,0.9646543946636459,0.6195900778995983,0.9653797218576716,0.6255623112695616,0.9660758821599531,0.6313486278800609,0.9667445999824341,0.6369570766520872,0.9673874664453894,0.6423952998558495,0.9680059520105452,0.6476705526519383,0.9686014177042276,0.6527897223478037,0.9691751251109103,0.6577593472011228,0.9697282452913092,0.6625856346486424,0.9702618667578262,0.6672744788761676
0.1501010101010101,0.8836100196993559,0.5482746570661621,0.8901317719382413,0.5566438870392032,0.8970502128795038,0.5647204466091437,0.896454795889693,0.5725173309953989,0.888506230875633,0.5800470185930043,0.9158301842488772,0.58732146053412,0.9609186522343729,0.5943520789703856,0.9617924010985106,0.6011497719975794,0.9626279406936625,0.6077249235568258,0.9634277233841606,0.6140874169835453,0.9641939960957723,0.6202466511499056,0.9649288213836144,0.6262115583689669,0.9656340959599417,0.6319906234083509,0.9663115670319975,0.6375919031062454,0.9669628467460306,0.6430230461984771,0.9675894249887322,0.6482913130587001,0.9681926807598888,0.6534035951275374,0.9687738922989257,0.6583664338658524,0.9693342461217304,0.6631860391135803,0.9698748451021439,0.6678683067726339
0.152020202020202,0.8835471619590329,0.5490062787444976,0.8894834401754225,0.5573683625342836,0.8948083641651912,0.5654376221250845,0.8943465594514258,0.5732270953432261,0.8856554123814327,0.5807492971242939,0.8937991253246541,0.5880162098622258,0.9604158160962211,0.5950392823835214,0.9613008721861235,0.6018294354777519,0.9621472219075947,0.6083970723279579,0.962957349684651,0.6147520925209981,0.9637335318053182,0.6209039085916451,0.9644778577672145,0.626861464275989,0.96519224904947,0.6326332538286026,0.9658784756657347,0.6382273419020139,0.966538170798327,0.6436513836025546,0.96717284376809,0.6489126444289598,0.967783891556625,0.6540180198737561,0.9683726090659743,0.6589740545258518,0.9689401982741742,0.6637869605590101,0.9694877764229272,0.6684626355271754
0.153939393939394,0.8830596035385532,0.5497389487154822,0.8885072655383408,0.5580938385588466,0.8930659789518924,0.5661557534159402,0.895661681271914,0.5739377735250211,0.8870037600922076,0.5814524501745754,0.8814865002848202,0.5887117968414571,0.9093655718633674,0.595727288857798,0.9608092688527641,0.6025098695477737,0.9616664318001249,0.6090699611872866,0.9624869075746588,0.6154174794755329,0.9632730018415406,0.6215618504804779,0.9640268310543954,0.6275120292410961,0.9647503414714208,0.6332765193875096,0.9654453259237593,0.6388633932834908,0.9661134386398492,0.6442803123104972,0.9667562083838371,0.6495345470042142,0.9673750501275118,0.6546329968276002,0.9679712754431504,0.6595822094223951,0.9685461017779199,0.6643883992267119,0.9691006607477639,0.6690574653823136
0.1558585858585859,0.8824586945733393,0.5504726674804983,0.8874037079682738,0.5588203155609792,0.8921478170520801,0.5668748408862375,0.8935128483836834,0.5746493659098604,0.8846924729851966,0.582156478084212,0.8785294178606925,0.5894082217890465,0.9060800729613282,0.5964160986919401,0.9341951208815459,0.6031910744916857,0.961185570428488,0.6097435904073132,0.9620163971073514,0.6160835781107208,0.9628124062539415,0.6222204770731782,0.963575741291305,0.6281632535159714,0.9643083732688968,0.6339204203330985,0.9650121178463719,0.6395000574961944,0.9656886503083246,0.644909832566242,0.9663395188713688,0.6501570210275294,0.9669661565057849,0.6552485262318718,0.9675698914616992,0.6601908987984898,0.9681519566623736,0.6649903553602334,0.9687134981043789,0.6696527965824087
0.1577777777777778,0.8819489732215677,0.5512074355392873,0.8867218727526943,0.5595477939875687,0.890970191925383,0.56759488493971,0.8916346030102326,0.5753618728663836,0.8879824470320485,0.5828613811934431,0.8740123257894569,0.5901054850223814,0.900218258315221,0.5971057121850761,0.9096217015910608,0.6038730505941486,0.9607046378502175,0.6104179602613569,0.9615458183361986,0.6167503886911028,0.9623517450922817,0.622879788627605,0.9631245885243299,0.6288151373535505,0.9638663444851954,0.634564956914756,0.9645788514740594,0.6401373347870837,0.9652638058416863,0.645539944615239,0.965922775266244,0.6507800667436013,0.9665572107248328,0.6558646083310615,0.9671684571530129,0.6608001228988438,0.9677577629570806,0.6655928292048238,0.9683262885206083,0.6702486293735314
0.1596969696969697,0.8813743736243734,0.5519432533899759,0.8857632051771295,0.5602762742843418,0.8897012682079504,0.5683158859793275,0.890929645470646,0.5760752947628202,0.8868233601106994,0.5835671598424095,0.8777433840605752,0.5908035868590272,0.89725472265713,0.5977961296367595,0.9068692835890186,0.604555798140467,0.9296793058744586,0.6110930710235707,0.9610751713149307,0.6174179114822279,0.9618910184065586,0.6235397854027893,0.9626733728000803,0.6294676810080192,0.9634242551638394,0.6352101293832383,0.9641455268475182,0.6407752254046089,0.964838905278025,0.6461706487045088,0.9655059776041863,0.6514036843986931,0.9661482128181854,0.6564812433712826,0.9667669725486011,0.661409881969852,0.9673635206917114,0.6661958210075478,0.9679390320244042,0.6708449640036064
0.1616161616161616,0.8804733402804907,0.5526801215291015,0.8847871893414783,0.5610057568958777,0.8885715194925574,0.5690378444073143,0.8897716983949434,0.5767896319670126,0.8860746618351487,0.5842738143711846,0.8820742047892201,0.5915025276167711,0.8945895588539223,0.5984873513469996,0.9024846253793596,0.6052393174166104,0.9105252332073647,0.6117689229689619,0.9606044560975493,0.6180861467506529,0.9614302262470339,0.6242004676589135,0.9622220941654026,0.6301208847348837,0.9629821053485618,0.6358559379907101,0.9637121440076314,0.6414137295986855,0.9644139486556236,0.6468019450826178,0.9650891259210741,0.6520278742407718,0.9657391628195402,0.6570984316004032,0.9663654376801578,0.6620201762597282,0.9669692298960744,0.6667993310172228,0.9675517286438622,0.671441800722349
0.1635353535353535,0.8797659354397568,0.5534180404516406,0.8838739748582697,0.5617362422656487,0.887487485301177,0.5697607606251851,0.8886790975750389,0.57750488484645,0.8866781986800941,0.5849813451198062,0.8826887725035942,0.5922023076136232,0.8924977959764195,0.5991793776162937,0.8995905013396219,0.605923608709253,0.9059327329928296,0.6124455163734283,0.9174945010870623,0.618755094764,0.9609693686642101,0.62486183565736,0.9617707526673739,0.6307747487909512,0.9625398950832966,0.6365023829907569,0.9632787029954771,0.6420528476207721,0.9639889360129393,0.6474338339997544,0.964672220252964,0.6526526365194361,0.965330060762734,0.6577161732679776,0.9659638525794735,0.6626310060183911,0.9665748906000984,0.66740335948453,0.9671643784071742,0.6720391397813797
0.1654545454545455,0.8786597338528909,0.5541570106510375,0.8829038480344745,0.562467730836042,0.8864750369840068,0.5704846350337743,0.8876081428998225,0.5782210537682952,0.8859584625185944,0.5856897524282945,0.8835509987726283,0.5929029271678726,0.8937687240267487,0.5998722087456403,0.8973211315032952,0.6066086723057884,0.9018914151277261,0.6131228515137729,0.8740955192246722,0.6194247557909622,0.9605084457088662,0.6255238896607327,0.9613193483532946,0.6314292734343581,0.9620976244122025,0.6371494646384078,0.9628452038523208,0.6426925797238487,0.9635638673886007,0.6480663157077386,0.9642552606360819,0.6532779714859671,0.9649209066817704,0.6583344686253242,0.9655622172785077,0.6632423714976262,0.9661805028338571,0.6680079066619247,0.9667769813426684,0.6726369814341292
0.1673737373737374,0.8804785454998046,0.5548970326192229,0.881825599114214,0.5632002230483822,0.8853458643829759,0.5712094680332553,0.8867025847196321,0.5789381390994083,0.8852830890683555,0.586399036636687,0.8841679869991594,0.5936043865980907,0.8913760403184678,0.6005658450365825,0.8956522392772821,0.6072945084943693,0.8990275150160963,0.6138009286677494,0.8567044853228243,0.6200951301013403,0.9187406970009727,0.6261866299328778,0.9608678812707119,0.6320844589246463,0.9616552933796451,0.6377971831901756,0.9624116466196508,0.6433329261624894,0.9631387428214409,0.6486993904599966,0.9638382471068088,0.6539038793933866,0.9645117006107986,0.6589533179255467,0.9651605318093515,0.6638542729509859,0.9657860666275464,0.6686129728037885,0.9663895374788058,0.6732353259359692
0.1692929292929293,0.8792954555069482,0.5556381068466534,0.8807857008952554,0.5639337193429742,0.884225182990466,0.5719352600231791,0.8856305851373349,0.579656141206385,0.884853025371662,0.5871091980850651,0.8842116033389992,0.5943066862231843,0.88949278519679,0.6012602867912277,0.8963959855011649,0.6079811175639216,0.897072443337721,0.6144797481140675,0.8989942626486783,0.6207662179660571,0.9096086873789141,0.6268500567389087,0.9604163514673958,0.6327403055227153,0.9612129020302203,0.6384455389040743,0.9619780313391285,0.6439738871928281,0.9627135623504535,0.6493330585116546,0.9634211797017018,0.6545303604964391,0.9641024425841284,0.6595727214235042,0.9647587962042493,0.6644667106338773,0.9653915820114964,0.6692185581663336,0.9660020468441468,0.6738341735441427
0.1712121212121212,0.8781137553608189,0.5563802338223317,0.8808273530105204,0.5646682201591162,0.8831222878771779,0.5726620114024985,0.8846526173081898,0.5803750604555734,0.8839363733589152,0.5878202371135893,0.8841729653017527,0.5950098263623991,0.8891649644154898,0.601955534312284,0.8945051937010843,0.6086684998041837,0.8953341804176816,0.6151593101324332,0.8966022181022917,0.6214380196571935,0.90338185727662,0.627514170345236,0.9131085290485988,0.6333968134909052,0.9607704504087163,0.6390945320396376,0.9615443580526147,0.6446154630726325,0.9622883260148244,0.6499673201195312,0.9630040584574842,0.6551574150516156,0.9636931326362154,0.6601926793759023,0.9643570104955799,0.6650796848035593,0.9649970490161776,0.6698246630076791,0.9656145094673843,0.6744335245178747
0.1731313131313131,0.876939564264927,0.5571234140338405,0.879664802779448,0.5654037259351393,0.8822838309071145,0.5733897225695987,0.8836102906480329,0.5810948972131175,0.8834131578155212,0.58853215406252,0.8838256855747441,0.5957138073353706,0.8883391368975657,0.6026515879030694,0.8929701312214002,0.6093566555057248,0.8960889166628954,0.6158396150035844,0.8942233563022995,0.6221105354480166,0.8997134082044652,0.6281789710196019,0.8926910789928673,0.6340539830929939,0.9340944703566656,0.6397441628579441,0.9611106268021855,0.6452576540613096,0.9618630338539165,0.6506021755421478,0.9625868834110431,0.6557850433172148,0.9632837708016911,0.6608131920412852,0.9639551747158779,0.6656931957191985,0.9646024676721906,0.6704312875879044,0.9652269253773536,0.6750333791182772
0.1750505050505051,0.8757627067026764,0.5578676479673655,0.8785122147597114,0.5661402371084372,0.8811428419153334,0.5741183939223267,0.8826587807033927,0.5818156518449732,0.882755868776785,0.5892449492722497,0.8830765176910496,0.596418629462141,0.8871656101296728,0.6033484478675679,0.8922851755377961,0.6100455849599878,0.894239575578054,0.616520663009295,0.8923687439852607,0.6227837656130039,0.8968109463947166,0.6288444590310961,0.8843456310661763,0.6347118145942204,0.8992915217791819,0.6403944316216622,0.9606768376300943,0.6459004604199329,0.9614376859072806,0.6512376250397817,0.9621696545994387,0.6564132455533228,0.9628743571153112,0.661434259680026,0.9635532888978044,0.666307243641861,0.964207838010261,0.671038432168988,0.9648392946029863,0.6756337376085114
0.176969696969697,0.8745869361724098,0.5586129361077331,0.8773634076949129,0.5668777541154897,0.8800134155265245,0.5748480258580242,0.881607315640667,0.5825373247169521,0.8818113462825032,0.5899586230833378,0.8827279433051901,0.5971242930631875,0.8863048609543194,0.6040461145104392,0.8912974671380479,0.6107352884593003,0.8927319645206243,0.6172024544324252,0.8940158629995734,0.6234577104278661,0.8947010216479301,0.6295106346501836,0.8821244668520031,0.6353703082613599,0.8744120679672458,0.6410453385950472,0.9322017357622253,0.6465438824112509,0.9610122822146477,0.6518736688744593,0.9617523720599055,0.6570420220218697,0.9624648916120222,0.6620558825544259,0.9631513530741772,0.6669218288345388,0.9638131600612621,0.6716460970149223,0.9644516171733557,0.6762346002536987
0.1788888888888889,0.8734182593852658,0.5593592789384336,0.8762111074992068,0.5676162773918959,0.8788903850588075,0.575578618773555,0.8814627120778926,0.5832599161947409,0.8807962418122275,0.5906731758365336,0.8821656821527388,0.5978307984594647,0.8857481596651713,0.6047445881370545,0.8902524352902025,0.6114257662969167,0.8921289746308302,0.617884989556941,0.8918897009245568,0.6241323701695971,0.8933436173318055,0.630177498148736,0.8821311775250441,0.6360294643626581,0.9032926789230411,0.6416968840439989,0.891091990793983,0.6471879202997571,0.9605868228159327,0.6525103073100122,0.9613350358298345,0.6576713729866315,0.9620553743269002,0.6626780609286718,0.9627493672779586,0.6675369515621897,0.9634184338561864,0.6722542823916581,0.9640638931176563,0.6768359673210091
0.1808080808080808,0.8722479746703284,0.5601066769416546,0.8750787973078865,0.568355807372411,0.8777665029656975,0.5763101730653341,0.8803542006786332,0.5839834266439428,0.8797768407237679,0.5913886078728176,0.88167263752856,0.5985381459724233,0.8849980420856507,0.6054438690535285,0.8890844415599982,0.6121170187670416,0.891174720999158,0.6185682686679448,0.8907518596749509,0.6248077451164649,0.894389286322866,0.6308450498000566,0.8829742603750351,0.6366892831679556,0.9001451975217085,0.6423490682360534,0.9045725771904106,0.6478325743516568,0.9213232053537619,0.6531475406121059,0.9609176459467976,0.6583012987132518,0.961645805295186,0.6633007950688772,0.9623473315422488,0.6681526120917168,0.9630236594261843,0.6728629885671689,0.963676122465196,0.6774378390796012
0.1827272727272727,0.8710794879648864,0.5608551305983036,0.873933202102866,0.5690963444909686,0.8766564260619466,0.5770426891293694,0.8792616655613127,0.5847078564300917,0.878793881180997,0.5921049195334155,0.8808874600822063,0.5992463359240453,0.8842132233460565,0.6061439575667449,0.8880661880704319,0.6128090461648644,0.8900720941870409,0.6192522920516959,0.8904823157540626,0.6254838355480689,0.8923502640341109,0.6315132898789116,0.8808046155956374,0.6373497649486509,0.8981178634950981,0.643001891440444,0.8998687596015963,0.6484778448349511,0.8827785946246556,0.6537853690482035,0.9605002024485438,0.6589317994693413,0.9612361845522992,0.6639240852431283,0.9619452459003079,0.6687688106920813,0.9626288368025095,0.673472215811477,0.9632883052454361,0.6780402158007884
0.1846464646464646,0.8699130482382235,0.5616046403880607,0.8727893761065981,0.5698378891807154,0.8755415402565802,0.5777761673612803,0.878163265573446,0.5854332059187103,0.8778075368227811,0.5928221111598506,0.8802523219635701,0.5999553686368734,0.8833157049972911,0.6068448539843929,0.8870801279243845,0.6135018487865844,0.8889909914867995,0.6199370599956562,0.8892638341393658,0.6261606417453685,0.8907761549445177,0.6321822186615544,0.8853158084900858,0.6380109099777633,0.8965161326436479,0.6436553539281048,0.8959875139157765,0.64912373201941,0.902790881966236,0.6544237928876716,0.9210138220720735,0.6595628755243498,0.9608265121337862,0.6645479317214977,0.9615431103855304,0.6693855476342199,0.9622339660165842,0.6740819643966651,0.9629004414879269,0.6786430977578835
0.1865656565656566,0.8687488378314646,0.5623552067893854,0.8716549791056821,0.5705804418740504,0.874424744941218,0.578510608156337,0.8770704788249249,0.5861594754753152,0.8768186181366816,0.5935401830939606,0.8792580570401057,0.6006652444340475,0.8825138375222445,0.6075465586149918,0.8862053087798508,0.6141954269294442,0.8880644306595078,0.6206225727885105,0.8884670568914731,0.6268381639906931,0.8904268886747317,0.6328518364257597,0.8841801092943019,0.6386727185299349,0.8951711564090498,0.6443094559717039,0.893480310649477,0.6497702361766405,0.8970258345136191,0.6550628124017774,0.9019958179547858,0.6601945271497587,0.9604167880753671,0.6651723347760772,0.9611409250314586,0.6700028231911601,0.9618390470999344,0.6746922345968906,0.9625125312223786,0.6792464852264045
0.1884848484848485,0.8675870357295068,0.563106830279559,0.8705173991465949,0.571324003002642,0.8733134184068353,0.5792460119094958,0.8759786996594611,0.5868866654654646,0.8767528174184483,0.5942591356779272,0.8809844491821356,0.6013759636393268,0.8815323135504111,0.608249071767923,0.8851881140566061,0.6148897808917516,0.8871215606386216,0.6213088307201911,0.8878889118603762,0.6275164025677872,0.8892845850735897,0.6335221434508428,0.88439080473726,0.6393351908814737,0.8959493972289988,0.6449641978456651,0.8913780597945739,0.650417357580099,0.8940552330026135,0.6557024278636681,0.9003653401915953,0.6608267546189858,0.9160337361409846,0.6657972946809441,0.9607386898717823,0.6706206376379454,0.9614440800842535,0.6753030266884478,0.9621245744786011,0.6798503784839056
0.1904040404040404,0.8664271521426553,0.5638595113347237,0.8693819985795852,0.5720685729974743,0.8722002943364724,0.5799823790154237,0.8748858972729983,0.5876147762547894,0.8757465770731763,0.5949789692543282,0.8799304848381028,0.6020875265771276,0.8806752839809676,0.6089523937534708,0.8842403216343244,0.6155849109729303,0.8862126611594539,0.6219958340819191,0.8870950987544033,0.6281953577618286,0.8886503047690971,0.6341931400176843,0.8851801658262176,0.639998327310378,0.8943025266144573,0.6456195798262304,0.8902271557514329,0.6510650965050987,0.8911882207473062,0.6563426395484703,0.8954936787853427,0.6614595582074806,0.8979824653558717,0.666422811712285,0.9340118314375628,0.6712389912517797,0.9610490650013498,0.6759143409497025,0.9617365712865412,0.6804547778102055
0.1923232323232323,0.8652693754649232,0.5646132504299032,0.8682487767273699,0.5728141522888807,0.8710910150679188,0.5807197098685359,0.8738066161552123,0.588343808209026,0.8753541869316879,0.5956996841661516,0.8788839154191253,0.6027999335725635,0.8800654752676895,0.6096565248828341,0.8832631806088309,0.6162808174735189,0.8852745632563715,0.6226835831662292,0.8863718202469179,0.6288750298594823,0.8881453918196247,0.634864826408798,0.8845360050909002,0.6406621280963677,0.8929291163293451,0.6462756021914172,0.8924598549089461,0.6517134532288786,0.890176949856381,0.6569834477332837,0.8935142152906191,0.6620929381927169,0.8983799958514141,0.6670488861483154,0.9043011604405665,0.6718578843119994,0.9606540018831733,0.6765261776612389,0.9613485216762843,0.6810596834872543
0.1942424242424242,0.8641133622185406,0.5653680480390445,0.8671172913872224,0.573560741306562,0.8699832497279889,0.5814580048630326,0.8727201780562638,0.5890737616940394,0.8743431301949242,0.5964212807568269,0.8778398453808881,0.603513184951454,0.8790913615365007,0.6103614654681818,0.8825546132351956,0.6169775006952454,0.8843118482338022,0.6233720782669991,0.8854345280832657,0.6295554191488905,0.8873896397975796,0.6355372029082965,0.8845209776202522,0.6413265935208979,0.8923345833772623,0.6469322652211221,0.8909746802822121,0.6523624280305834,0.8896052917374647,0.6576248526971897,0.8921951891083926,0.6627268948542152,0.8927812019838743,0.6676755182694124,0.9083362730749578,0.6724773171000016,0.9342517148495743,0.6771385371057826,0.9609604256780319,0.6816650957991847
0.1961616161616162,0.8629594115745121,0.5661239046350467,0.8659881269094377,0.574308340479639,0.8688774096382692,0.5821972643929271,0.8716381807475766,0.5898046370758764,0.8742791232612176,0.5971437593702782,0.8768008452863348,0.604227281040391,0.8781204178744396,0.6110672158226723,0.8815447908835998,0.6176749609410189,0.883371631944571,0.6240613196794778,0.8846441759960856,0.6302365259197408,0.8865252306022507,0.6362102698019826,0.884504739021337,0.6419917238672276,0.8910185933421795,0.6475895691970882,0.8898723795994863,0.6530120211913407,0.8918758735614428,0.6582668547213022,0.8922814786107029,0.6633614284735984,0.8913426285537236,0.6683027083580408,0.9032606157823923,0.6730972898994407,0.8970183868960032,0.6777514195683314,0.9605722833221064,0.6822710150324185
0.1980808080808081,0.8618074479336444,0.5668808206898014,0.8648603794549525,0.5750569502366796,0.8677734196144297,0.5829374888520877,0.8705566789040473,0.590536434720785,0.8732179626760673,0.5978671203509394,0.8757652504683018,0.6049422221667375,0.8778036752708465,0.6117737762604821,0.8805402577677561,0.6183731985149782,0.8828138904280765,0.6247513077003348,0.8838084230283721,0.6309183504632757,0.8857876356568748,0.636884027377333,0.8840432069273874,0.6426575194203942,0.8902531584353165,0.648247514403003,0.8896409691287129,0.6536622329942322,0.8899883785629785,0.6589094540887873,0.891536237134507,0.6639965393346005,0.8902927813797635,0.6689304566988946,0.9000019551425729,0.6737178029961518,0.90690403083344,0.6783648253360482,0.9244085871078052,0.6828774414755894
0.2,0.8606572567733625,0.5676387966742202,0.8637346649750803,0.5758065710057256,0.8666713174323135,0.583678678634262,0.8694763433646407,0.5912691549952476,0.8721596107146421,0.5985913640437944,0.8747254391247711,0.6056580086586903,0.8768169025243148,0.6124811470968483,0.8795508558360817,0.6190722137225385,0.8818025547541535,0.6254420426276651,0.8828922578394897,0.6316008930723311,0.8849393911211615,0.6375584759235539,0.8832731675043906,0.6433239804672862,0.8895728434075337,0.6489061011244479,0.8887441383591741,0.6543130637243788,0.8886125828272353,0.6595526510849105,0.8932217838031334,0.6646322277230789,0.8899061873574918,0.6695587635787711,0.8973078748678562,0.6743388566781843,0.9013512294441527,0.6789787546983629,0.889630148872654,0.6834843754196247
